fips,pop,peak,r,R,attack_start,attack,hit_hom,lam,peak_deaths,npts,rise_start,rise_end,season
01015,113605,2021-02-07,0.02607786911425905,1.1525182592289303,0.22534219444566703,0.43484001584437304,0.3278563707332476,0.4501861490138341,19.0,4,2020-12-06,2020-12-27,winter 2020-21
01049,71513,2021-01-24,0.10062622978371025,1.7027590559009729,0.17619174136171045,0.30204298519150363,0.5161921143315302,3.2105741346256744,25.0,3,2021-01-03,2021-01-17,winter 2020-21
01055,102268,2021-01-24,0.11222976425813577,1.8058868944301152,0.18187507333672312,0.3578832088238745,0.5469677922872058,2.439894365122781,46.333333333333336,3,2020-12-27,2021-01-10,winter 2020-21
01073,658573,2021-01-24,0.034194373595168706,1.2038647713766162,0.15184345547114744,0.305812719318891,0.295471912880225,0.9261872821530753,114.66666666666667,6,2020-11-29,2021-01-03,winter 2020-21
01083,98915,2021-01-24,0.07543233387495066,1.4960305709877344,0.11727240560076833,0.16377698023555579,0.4099535052840382,7.442823339506143,15.333333333333334,3,2021-01-03,2021-01-17,winter 2020-21
01095,96774,2021-01-31,0.04045681963719976,1.2448059610281768,0.17773368880071094,0.3141339616012565,0.3394421805948624,1.2072844707583668,23.666666666666668,3,2021-01-03,2021-01-17,winter 2020-21
01097,413210,2020-05-10,0.08449885836938678,1.567805292504165,0.0004840153916894557,0.04114130829360373,0.3624744160597638,10.828426335431903,20.0,4,2020-03-29,2020-04-19,spring 2020
01097,413210,2020-07-26,0.08834018765349487,1.5990903920382469,0.06534207787807651,0.08712277050410203,0.41550651121692916,19.90885755315625,17.333333333333332,3,2020-06-28,2020-07-12,summer 2020
01097,413210,2020-08-09,0.08834018765349487,1.5990903920382469,0.06534207787807651,0.1026112630381646,0.41550651121692916,11.53644897062148,17.333333333333332,3,2020-06-28,2020-07-12,summer 2020
01101,226486,2021-02-07,0.0635919440863719,1.4065371850790886,0.24019144671193804,0.3735330219086389,0.459802014942578,1.7677878433655638,44.0,4,2020-12-27,2021-01-17,winter 2020-21
01117,217702,2021-01-31,0.08357651804644602,1.560371778602648,0.09646213631477892,0.14882729602851605,0.42094706141483684,7.452294886572564,24.333333333333332,3,2021-01-03,2021-01-17,winter 2020-21
01127,63521,2020-07-12,0.06219467371645952,1.3962844436405497,0.009445695124447033,0.10075408132743502,0.29057842806522394,3.4517747704566486,12.666666666666666,4,2020-06-07,2020-06-28,summer 2020
01127,63521,2021-01-17,0.01441815589705571,1.082036568957597,0.30226224398230506,0.5478503172179279,0.3551625000161728,0.18174162603811067,15.0,6,2020-11-22,2020-12-27,winter 2020-21
04001,71887,2020-07-05,0.08233425070988479,1.5504074401104786,0.01669286519120286,0.2559572662651105,0.36577501541225266,1.572745747154944,12.666666666666666,3,2020-05-03,2020-05-17,summer 2020
04001,71887,2021-02-07,0.03608183777583224,1.2160812688388234,0.5453002629126268,0.9069790087220221,0.626094284371682,0.12328719572888042,19.0,5,2020-11-29,2020-12-27,winter 2020-21
04001,71887,2021-02-21,0.03608183777583224,1.2160812688388234,0.5453002629126268,1.0154826324648407,0.626094284371682,,19.0,5,2020-11-29,2020-12-27,winter 2020-21
04003,125922,2021-01-10,0.03872605897121339,1.233373833070876,0.12547450008735567,0.2604787090421054,0.2909485539066161,1.2509267276660958,24.0,5,2020-11-29,2020-12-27,winter 2020-21
04013,4485414,2020-07-26,0.03862917399578108,1.2327365421479168,0.021848596361450694,0.08061686167653644,0.2065203146049187,3.376878344181398,322.6666666666667,5,2020-06-07,2020-07-05,summer 2020
04013,4485414,2021-01-17,0.03540743208600454,1.2117041170751477,0.1737186355596161,0.2873313366391597,0.31808322444683135,1.2981973919584995,570.3333333333334,6,2020-11-22,2020-12-27,winter 2020-21
04015,212181,2021-01-17,0.032054795140738036,1.1901433977526046,0.22622195201266843,0.41379765388983936,0.3498446914476965,0.6270217408009553,46.0,8,2020-11-08,2020-12-27,winter 2020-21
04017,110924,2021-01-03,0.03893561640990487,1.2347532247489466,0.4814106956114096,0.6256536006635174,0.5800057096477464,0.6469815389644551,24.0,4,2020-11-22,2020-12-13,winter 2020-21
04019,1047279,2021-01-17,0.05437667048077507,1.3400881771171227,0.13196101516405848,0.2715608734635183,0.3522523370788043,1.669600942376388,175.66666666666666,5,2020-11-29,2020-12-27,winter 2020-21
04025,235099,2021-01-17,0.038912549231107776,1.2346013227483785,0.08847336653920262,0.2764792704350082,0.2616834141797094,0.9123625626269555,45.0,7,2020-11-15,2020-12-27,winter 2020-21
04027,213787,2020-07-19,0.04844735073960017,1.2987668217948447,0.008419595204572776,0.17587598871774243,0.23652160791642174,1.4132154779294892,37.666666666666664,6,2020-05-24,2020-06-28,summer 2020
04027,213787,2021-01-17,0.048834248215796586,1.301429499387752,0.3414613610743404,0.5921781960549519,0.4939882342950853,0.5498063311585218,48.333333333333336,5,2020-11-15,2020-12-13,winter 2020-21
05007,279141,2020-12-13,0.04111662746160492,1.2491879314233716,0.09314289194349809,0.1497451108937777,0.27404269186046737,3.45225917332471,25.0,4,2020-11-08,2020-11-29,winter 2020-21
05119,391911,2021-01-10,0.021161844010226576,1.1223376758554702,0.117373587370602,0.21841693649833763,0.21358212272733257,0.9492775113104437,28.333333333333332,3,2020-11-08,2020-11-22,winter 2020-21
05131,127827,2021-01-24,0.01702722149152831,1.0974795038865306,0.20183529301321318,0.32543985230037475,0.27272928181325773,0.5528315427792475,21.333333333333332,6,2020-12-06,2021-01-10,winter 2020-21
05143,239187,2020-09-13,0.08418964259583213,1.5653098340989455,0.04431678979208736,0.07274642852663397,0.3894606745647632,14.837496257606585,15.333333333333334,3,2020-08-16,2020-08-30,summer 2020
06001,1671329,2020-09-13,0.032380893861546134,1.1922260376581664,0.02261673195403179,0.03972886248009817,0.18020305112124857,9.954159804731663,38.666666666666664,4,2020-08-02,2020-08-23,summer 2020
06007,219186,2021-01-10,0.11129604414618265,1.7973955893615505,0.053835555190568735,0.10128384112123949,0.4735914283925018,11.396474775613012,12.666666666666666,3,2020-11-29,2020-12-13,winter 2020-21
06013,1153526,2021-01-17,0.05575745623254399,1.3498704156791153,0.04629284472131534,0.07784826696580745,0.2934824378687655,8.916386950987501,47.0,4,2020-12-06,2020-12-27,winter 2020-21
06017,192843,2021-01-24,0.11495985088815021,1.8309113175735376,0.008296904735976935,0.06118967242782989,0.45835547262971577,11.034674977017099,15.333333333333334,3,2020-12-20,2021-01-03,winter 2020-21
06025,181215,2020-07-26,0.03663135533366128,1.2196578284514408,0.015451259553568963,0.19865905140302953,0.19276643212590205,0.9644164445376228,28.333333333333332,6,2020-05-17,2020-06-21,summer 2020
06025,181215,2021-01-31,0.034683766256011175,1.2070222236799657,0.39179979582264157,0.5860442016389371,0.49611515658503824,0.48904182836374566,32.333333333333336,7,2020-11-29,2021-01-10,winter 2020-21
06029,900202,2021-03-07,0.025824612648848798,1.1509467004130585,0.12552738163212257,0.2092863601724946,0.24021449641930281,1.3962822357213795,122.33333333333333,6,2021-01-17,2021-02-21,winter 2020-21
06037,10039107,2021-01-24,0.04652592047164579,1.2856121250120176,0.14818051047767494,0.30401110377646134,0.3374210829612685,1.2434854928069612,1506.6666666666667,6,2020-11-22,2020-12-27,winter 2020-21
06047,277680,2021-01-24,0.036155988435572786,1.216563358199345,0.1267646211466436,0.23336214347450301,0.2822113431512139,1.5057151215002498,23.666666666666668,5,2020-11-22,2020-12-20,winter 2020-21
06053,434061,2021-01-03,0.02054871946084148,1.1186213597716532,0.050684120434685453,0.09030988731998499,0.1513519107492275,2.6290649164301145,21.666666666666668,3,2020-11-15,2020-11-29,winter 2020-21
06053,434061,2021-04-18,0.07438956248772634,1.4879584900055114,0.15666000861630047,0.1644930090471155,0.43322344201915486,42.587602029436376,13.0,3,2021-03-28,2021-04-11,winter 2020-21
06059,3175692,2021-01-31,0.06593080346342825,1.423842947430239,0.11625812578801722,0.19283985978489096,0.3793262973230539,3.8983679999581535,330.3333333333333,3,2020-12-27,2021-01-10,winter 2020-21
06065,2470546,2021-01-24,0.040862344149627416,1.2474976060762053,0.11333527082677271,0.2248086050613913,0.2892453461597553,1.6459111361423044,291.0,7,2020-11-22,2021-01-03,winter 2020-21
06067,1552058,2020-08-30,0.04798125591317721,1.2955652791039474,0.00902028145855374,0.035436820015746835,0.23509858242971882,9.583984207038858,42.666666666666664,5,2020-07-05,2020-08-02,summer 2020
06067,1552058,2021-01-17,0.04453404188434339,1.2720954352709983,0.06559033232005505,0.13929891795280847,0.265456315798441,2.928955298701855,100.0,6,2020-11-08,2020-12-13,winter 2020-21
06073,3338330,2021-01-17,0.04490695971012131,1.2746167407058837,0.05799306839048266,0.12599113928221595,0.2609488785720536,3.2386368728195536,261.0,6,2020-11-22,2020-12-27,winter 2020-21
06075,881549,2021-01-17,0.0602407534984639,1.382054272603442,0.03788785422024187,0.057625838155337936,0.30385357156243853,15.609863412049902,33.0,4,2020-12-13,2021-01-03,winter 2020-21
06077,762148,2020-08-09,0.07225720797703397,1.4715677226147894,0.0144328922991335,0.05536982318394852,0.3302604477151492,9.106423228783635,50.333333333333336,3,2020-07-05,2020-07-19,summer 2020
06077,762148,2021-02-21,0.06344107502209995,1.405427066389172,0.1319953604811664,0.2695014616583655,0.3823908331658119,1.9733377111434813,69.33333333333333,5,2020-11-29,2020-12-27,winter 2020-21
06079,283111,2021-01-17,0.051336703918708815,1.3187646028533337,0.025431721127049108,0.09042389734061905,0.2609990617246364,4.009153573137024,23.0,5,2020-11-29,2020-12-27,winter 2020-21
06081,766573,2021-01-31,0.03726516862223622,1.2237941856088368,0.04670135786154743,0.09966435029671016,0.2210302570900129,3.5331341193592523,47.333333333333336,5,2020-12-13,2021-01-10,winter 2020-21
06083,446499,2021-02-07,0.06527187341960315,1.4189490691633304,0.0627101068535428,0.15050425644850268,0.3394478254958643,3.5578811883427974,35.666666666666664,4,2020-12-13,2021-01-03,winter 2020-21
06085,1927852,2021-01-24,0.05002945849682855,1.309684562534409,0.04948512645161558,0.12812186827619548,0.27424137022046347,3.1241846154572435,165.0,5,2020-11-29,2020-12-27,winter 2020-21
06095,447643,2021-02-14,0.03524812898746659,1.210672146096769,0.04244453727635638,0.06254984440726204,0.2090712041151509,9.009199059972039,13.0,5,2020-12-27,2021-01-24,winter 2020-21
06097,494336,2021-01-10,0.08179516459307236,1.54610032352598,0.06473329880890731,0.08819911962713621,0.3950801982511991,17.14813747570688,17.333333333333332,3,2020-12-06,2020-12-20,winter 2020-21
06099,550660,2020-08-16,0.06757822088875148,1.4361414590591866,0.01634402353539389,0.07191370355573312,0.31507027371175733,6.224430773979591,39.0,4,2020-07-05,2020-07-26,summer 2020
06099,550660,2021-01-17,0.08641699455559536,1.5833612476252832,0.1510914175716413,0.26840518650346856,0.4638566633473269,3.089937527876751,54.666666666666664,3,2020-11-22,2020-12-06,winter 2020-21
06107,466195,2021-02-07,0.055996669674411685,1.3515713177485091,0.13213354926586515,0.27670824440416564,0.35788334708089653,1.6532724690954435,53.333333333333336,5,2020-11-29,2020-12-27,winter 2020-21
06111,846006,2021-01-24,0.05946464703531699,1.3764364581754591,0.04680817866539954,0.11985730597655336,0.30749304432250535,4.007141529691098,88.0,4,2020-12-13,2021-01-03,winter 2020-21
08001,517421,2020-12-13,0.04092958209447141,1.247944374117027,0.09856577139312088,0.1662089478393803,0.2776647362630392,2.8395594069618455,47.666666666666664,5,2020-10-25,2020-11-22,winter 2020-21
08005,656590,2020-05-24,0.11158464482739691,1.800016491289153,0.0009138122724988196,0.08528914543322316,0.444957203135419,6.661856259385126,43.0,3,2020-03-29,2020-04-12,spring 2020
08005,656590,2020-12-13,0.05420024259926942,1.3388426400355826,0.12275544860567476,0.15748031496062992,0.3447739673341965,7.224916546799592,31.666666666666668,4,2020-11-01,2020-11-22,winter 2020-21
08031,727211,2020-05-10,0.1054218942721128,1.7447538742602908,0.0013751167130310184,0.056654808576877956,0.4276414008764715,9.774247115027887,44.333333333333336,3,2020-03-29,2020-04-12,spring 2020
08031,727211,2020-12-13,0.054052958473259506,1.3378036081203586,0.1262357142562475,0.16831428567499665,0.34686655018713153,5.896528211942711,41.0,4,2020-11-01,2020-11-22,winter 2020-21
08041,720403,2020-12-13,0.05663699026263913,1.3561332620437776,0.05885594590805424,0.12159860522513094,0.3060091655936653,4.415512059555174,71.0,5,2020-11-01,2020-11-29,winter 2020-21
08059,582881,2020-05-24,0.041708860629783,1.2531323341997385,0.0017156160519900287,0.04940974229731283,0.20336874510103253,4.609252232110136,25.666666666666668,4,2020-03-29,2020-04-19,spring 2020
08069,356899,2021-01-03,0.04407979704336549,1.2690300324472148,0.03250219249703697,0.08461777701814799,0.23760842315352693,4.302810415911668,19.0,6,2020-11-01,2020-12-06,winter 2020-21
08101,168424,2020-12-13,0.06367806771894587,1.4071712323020107,0.06412387783213794,0.25649551132855175,0.33492378135328316,1.48443774739275,50.0,4,2020-11-08,2020-11-29,winter 2020-21
08123,324492,2020-12-13,0.05443573237253579,1.3405053604999972,0.09799933434414408,0.14853987155307372,0.3271189416807575,5.082094083829928,23.0,5,2020-11-01,2020-11-29,winter 2020-21
09003,891720,2021-01-10,0.030372921258175044,1.179451331281059,0.3240927645449244,0.43085273404207597,0.42693079610081064,0.9600546597133592,67.33333333333333,7,2020-10-18,2020-11-29,winter 2020-21
09005,180333,2020-12-13,0.06434989454620929,1.4121256469814252,0.16303172464274426,0.20739409869519168,0.40729900547704945,6.336684944168998,14.666666666666666,4,2020-11-08,2020-11-29,winter 2020-21
09009,854757,2021-01-10,0.07776857087322127,1.5142512449892838,0.26650849305709107,0.3811609615364367,0.5156077900744274,2.4411313787437634,69.33333333333333,3,2020-11-08,2020-11-22,winter 2020-21
09011,265206,2021-01-17,0.03481552755305321,1.2078735258381823,0.12292331244391153,0.23453466361997843,0.2738671153940089,1.3875593512697604,29.666666666666668,5,2020-11-22,2020-12-20,winter 2020-21
09015,116782,2021-01-24,0.05441518905421077,1.3403602402905601,0.04795259543422788,0.20893630867770718,0.2897078144011572,1.5814305549580707,17.666666666666668,5,2020-11-22,2020-12-20,winter 2020-21
10003,558753,2020-05-24,0.08357651804644682,1.5603717786026547,0.001073819737880602,0.05297510706877637,0.3598152735390545,8.3388607460051,25.0,3,2020-03-29,2020-04-12,spring 2020
10005,234225,2020-05-10,0.08599805745185275,1.5799524905929399,0.002561639449247518,0.0777030632938414,0.36869091539807997,5.839843378310062,23.333333333333332,3,2020-04-05,2020-04-19,spring 2020
10005,234225,2021-02-14,0.013931392380188465,1.0791760831782944,0.22969367061586082,0.3398441669335041,0.28620885748737046,0.4937898030248441,24.0,8,2020-12-06,2021-01-24,winter 2020-21
11001,705749,2021-02-07,0.034182404475324626,1.2037876377599719,0.1830679179141593,0.2697843000840242,0.3213652836591664,1.6528210423536016,35.666666666666664,7,2020-11-01,2020-12-13,winter 2020-21
12009,601942,2020-08-09,0.0886937951649128,1.601996906131903,0.006312900578461048,0.05017094670250622,0.37971971380341596,10.439683953321277,38.0,3,2020-07-05,2020-07-19,summer 2020
12011,1952778,2020-08-23,0.05293110232146441,1.3299119315927852,0.03820198711783931,0.11399145217735965,0.27679571102858547,3.4736859277287815,126.66666666666667,5,2020-06-21,2020-07-19,summer 2020
12015,188910,2020-05-17,0.06825081750195988,1.4411886360210304,0.0010587052035360752,0.043406913344979085,0.3068629117459355,8.43688500868432,10.333333333333334,3,2020-04-05,2020-04-19,spring 2020
12015,188910,2020-05-31,0.06825081750195988,1.4411886360210304,0.0010587052035360752,0.06669842782277274,0.3068629117459355,5.37709176165943,10.333333333333334,3,2020-04-05,2020-04-19,spring 2020
12017,149657,2020-12-20,0.035825584908880014,1.2144165010328707,0.18041254334912502,0.29400562619857407,0.32511831323618423,1.3020893529590616,23.333333333333332,5,2020-11-01,2020-11-29,winter 2020-21
12021,384902,2021-01-10,0.028844696761952098,1.1698073080240559,0.13457971119921436,0.18861944079272128,0.2602026993124331,2.432439656621588,16.666666666666668,4,2020-11-08,2020-11-29,winter 2020-21
12031,957755,2020-12-06,0.03996660513988425,1.241558815753945,0.1092137342013354,0.13573408648349525,0.2825259226581798,7.158798158517851,39.333333333333336,4,2020-11-01,2020-11-22,winter 2020-21
12031,957755,2021-02-21,0.030585239941837074,1.1807965487819247,0.1497251384748709,0.22782444362075893,0.27991417115654016,1.7248900791016968,60.666666666666664,3,2020-12-27,2021-01-10,winter 2020-21
12033,318316,2020-08-16,0.051329551401674015,1.3187147760229483,0.025760564973171314,0.09550258233956195,0.26122050594974533,3.7246413605866557,24.666666666666668,6,2020-06-21,2020-07-26,summer 2020
12033,318316,2021-01-24,0.01940954063554164,1.11174438804448,0.175297503110117,0.30661355382701466,0.25819054653335705,0.6107773224497893,38.333333333333336,8,2020-11-08,2020-12-27,winter 2020-21
12055,106221,2020-08-23,0.08619328874847865,1.5815402443253401,0.020711535383775334,0.09979194321273571,0.380800793321593,5.444149120462428,10.0,4,2020-07-05,2020-07-26,summer 2020
12057,1471968,2020-08-09,0.038005262125634924,1.2286393028422435,0.012228526707102328,0.052718537359507815,0.19604437933259988,4.9195265708541545,62.666666666666664,6,2020-06-07,2020-07-12,summer 2020
12061,159923,2020-08-23,0.09149527467586135,1.6251838948566957,0.021260231486402832,0.0987975463191661,0.3977667563584244,5.883757210414165,14.0,3,2020-07-05,2020-07-19,summer 2020
12061,159923,2021-01-17,0.04421708631473043,1.269955842322418,0.19009148152548414,0.24261675931542054,0.3622545828102146,3.5641358782405934,16.666666666666668,3,2020-12-20,2021-01-03,winter 2020-21
12061,159923,2021-01-31,0.04421708631473043,1.269955842322418,0.19009148152548414,0.28388662043608487,0.3622545828102146,1.9416371665667276,16.666666666666668,3,2020-12-20,2021-01-03,winter 2020-21
12069,367118,2020-09-20,0.04594474813403438,1.2816557319859914,0.01198524725020293,0.09206849024019524,0.2291106510959714,2.9357227877522862,20.0,6,2020-06-28,2020-08-02,summer 2020
12073,293582,2020-09-27,0.04109743892168305,1.249060309126893,0.019755979590029362,0.04700560661075951,0.21521481929469677,7.8883161713968075,12.333333333333334,3,2020-08-23,2020-09-06,summer 2020
12081,403253,2020-08-09,0.058858270715594366,1.3720608132036516,0.0649716183140609,0.09522557798702055,0.3185226393116476,9.616966842885692,30.333333333333332,5,2020-07-05,2020-08-02,summer 2020
12083,365579,2020-08-30,0.05239200332874076,1.3261338181295392,0.008206160638329883,0.09792685028406993,0.25211632053803046,2.976891498326613,35.0,4,2020-07-12,2020-08-02,summer 2020
12085,161000,2020-08-02,0.05949350878107889,1.3766450229562583,0.031055900621118012,0.0968944099378882,0.29615544804852034,4.542575182365992,15.333333333333334,3,2020-06-28,2020-07-12,summer 2020
12085,161000,2021-02-14,0.053372457273587345,1.3330118766845067,0.21366459627329193,0.33291925465838507,0.4101062282486958,1.7476553960800345,11.333333333333334,3,2020-11-29,2020-12-13,winter 2020-21
12086,2716940,2021-01-17,0.021471451891617855,1.1242182981272677,0.2711138265843191,0.3382481762571128,0.35165067618107126,1.2117520959385364,159.66666666666666,8,2020-11-08,2020-12-27,winter 2020-21
12091,210738,2020-08-16,0.05703626401555528,1.3589845282324322,0.009490457345139461,0.04745228672569731,0.2711399415685989,7.849110294193558,13.666666666666666,3,2020-07-12,2020-07-26,summer 2020
12097,375751,2020-08-09,0.07847230633343609,1.51977679798597,0.014371219238272153,0.05535580743630755,0.3514647795203234,9.855172187650373,22.666666666666668,3,2020-07-05,2020-07-19,summer 2020
12101,553947,2020-08-02,0.08180364757868934,1.5461680204873565,0.006137771303030795,0.03502140096435218,0.3572094264479089,14.775862004319627,28.0,4,2020-06-28,2020-07-19,summer 2020
12103,974996,2020-07-26,0.05640805421116706,1.3545007059190832,0.0194872594349105,0.07651313441285912,0.2761076193756782,5.064046258535663,70.0,5,2020-06-07,2020-07-05,summer 2020
12103,974996,2021-01-24,0.029774478346912155,1.1756667347349803,0.1688212054203299,0.25107795314032055,0.2930149590674308,1.5529736144870832,53.666666666666664,6,2020-11-01,2020-12-06,winter 2020-21
12105,724777,2020-08-09,0.04838496749300265,1.2983379283316752,0.020696020983005808,0.08609544728930416,0.24572489361427652,3.7774914087612563,47.0,5,2020-06-14,2020-07-12,summer 2020
12111,328297,2020-08-09,0.059201377715005554,1.3745352303193736,0.027414201165408148,0.10112794207683895,0.29242570333492923,4.036099893944439,33.333333333333336,4,2020-06-28,2020-07-19,summer 2020
12111,328297,2021-01-10,0.05185264309878109,1.3223630527429566,0.23027928978942847,0.2619579222472334,0.4179202839840752,6.648607279158703,20.333333333333332,3,2020-12-13,2020-12-27,winter 2020-21
12113,184313,2020-08-16,0.05522784915953454,1.346111204278061,0.011936217195748536,0.051000200745471014,0.2659865101307404,7.368112905354044,10.0,3,2020-07-12,2020-07-26,summer 2020
12113,184313,2021-01-17,0.040653804138749645,1.2461128137687545,0.12153239326580327,0.19206458578613553,0.2950336462094859,2.6288778642764243,21.666666666666668,4,2020-12-13,2021-01-03,winter 2020-21
12115,433742,2020-08-23,0.05597485202912169,1.3514161098365598,0.046110360536909034,0.08299864896643627,0.2941554917689606,7.635911870628643,21.0,4,2020-07-12,2020-08-02,summer 2020
12115,433742,2020-12-20,0.033108987320979874,1.1968872677158735,0.16461398711676525,0.2153353837073652,0.3020345061590669,2.869274439133835,34.0,4,2020-11-15,2020-12-06,winter 2020-21
12117,471826,2020-08-09,0.11652977279663357,1.8454351684263979,0.00847770152556239,0.050442324077096215,0.46271626582259817,14.16840718955906,26.333333333333332,3,2020-07-05,2020-07-19,summer 2020
13015,107738,2021-01-24,0.06076817570214581,1.3858831639433087,0.2060554307672316,0.28959141621340656,0.42712012824102263,2.9353935540846177,11.333333333333334,4,2020-12-13,2021-01-03,winter 2020-21
13021,153159,2020-08-30,0.05588604293468775,1.350784490512128,0.0561507975371999,0.15539406760294855,0.30125848416800005,2.7065318984372153,18.666666666666668,5,2020-07-12,2020-08-09,summer 2020
13063,292256,2020-09-06,0.08233425070988488,1.5504074401104786,0.05611518668564546,0.0992280740172999,0.39120208733834805,9.379648228437134,11.0,3,2020-07-12,2020-07-26,summer 2020
13063,292256,2021-01-31,0.024911329382340707,1.14529460174575,0.14234096134895435,0.21145844738859082,0.25114548052201335,1.6146088261079927,26.333333333333332,7,2020-12-06,2021-01-17,winter 2020-21
13067,760141,2020-06-07,0.0859980574518526,1.5799524905929376,0.0013155454053918945,0.05078005264812713,0.367902224566377,9.004130514028407,24.666666666666668,3,2020-03-22,2020-04-05,spring 2020
13067,760141,2021-02-07,0.03928902406566225,1.2370824818635267,0.14891973989036245,0.20575130140329229,0.31202626131478306,3.0785180008033617,47.333333333333336,3,2020-12-27,2021-01-10,winter 2020-21
13073,156714,2021-02-07,0.05949350878107873,1.3766450229562563,0.12251617596385772,0.20419362660642953,0.36259252791848817,3.27165653377444,14.0,3,2020-12-27,2021-01-10,winter 2020-21
13077,148509,2021-02-14,0.04189196318830963,1.2543539884284935,0.1036974190116424,0.19123420129419766,0.28544686009147824,2.205153311820539,13.0,5,2020-12-13,2021-01-10,winter 2020-21
13089,759297,2021-02-14,0.02876656213967144,1.169316046704356,0.13775900602794428,0.19412693583670157,0.26261082587361395,2.31359741591199,45.0,4,2020-12-27,2021-01-17,winter 2020-21
13095,87956,2021-01-24,0.03648754455471378,1.2187209626403352,0.4706898903997453,0.5548228659784438,0.5656839212369706,1.1426884970040707,10.666666666666666,3,2020-12-20,2021-01-03,winter 2020-21
13097,146343,2021-01-24,0.05904846951317618,1.3734320173714365,0.1503317548499074,0.18996467203761028,0.38135398446859947,6.642773101121878,11.666666666666666,3,2020-12-27,2021-01-10,winter 2020-21
13117,244252,2021-01-31,0.04584670615517072,1.2809893270421946,0.06632494309156117,0.09088973682917642,0.2711297141996527,9.287821873977158,11.666666666666666,3,2021-01-03,2021-01-17,winter 2020-21
13121,1063937,2020-05-24,0.0975172108515756,1.6759977928795406,0.0005639431658077498,0.03684428683277299,0.40367698508895056,13.966019541954307,30.333333333333332,3,2020-03-22,2020-04-05,spring 2020
13121,1063937,2020-08-09,0.07605076692803024,1.5008355015507782,0.05902605135454449,0.08083185376577748,0.3730332553613177,17.317040590322307,34.0,3,2020-07-05,2020-07-19,summer 2020
13127,85292,2020-08-09,0.057799585399112605,1.3644497612822695,0.009379543216245368,0.11020963279088307,0.2739780643496915,2.8948676502079365,12.0,4,2020-06-28,2020-07-19,summer 2020
13135,936250,2021-02-07,0.041268149664702596,1.2501960915209525,0.12624833110814418,0.17495327102803737,0.3011083022753056,3.893223385777574,56.0,4,2020-12-27,2021-01-17,winter 2020-21
13139,204441,2020-08-16,0.05630625075943012,1.3537752790920776,0.058696641084713924,0.10271912189824937,0.30468270956566723,6.3239912097359365,12.333333333333334,4,2020-07-05,2020-07-26,summer 2020
13139,204441,2021-01-17,0.04915733079752512,1.3036565662349404,0.20348168909367495,0.27000454898968407,0.38901215892562047,3.0405634527742826,24.0,5,2020-12-06,2021-01-03,winter 2020-21
13139,204441,2021-01-31,0.04915733079752512,1.3036565662349404,0.20348168909367495,0.3198966939116909,0.38901215892562047,1.6782530280162562,24.0,5,2020-12-06,2021-01-03,winter 2020-21
13151,234561,2020-08-23,0.06825081750195952,1.4411886360210282,0.029842983275139515,0.05712799655526707,0.3268355075270626,12.811133399329039,10.333333333333334,3,2020-07-19,2020-08-02,summer 2020
13153,157863,2021-01-17,0.04496310572549128,1.2749967145974268,0.13936134496367103,0.19257204031343633,0.3249875508047322,3.806646519993082,14.333333333333334,4,2020-12-06,2020-12-27,winter 2020-21
13215,195769,2021-02-07,0.08115324626078069,1.5409849474081148,0.21351695110053173,0.3023972130419014,0.4896231464023665,3.6058796967235778,28.333333333333332,4,2021-01-03,2021-01-24,winter 2020-21
13217,111744,2021-01-24,0.03570735763311037,1.2136490843493148,0.20224799541809851,0.27920962199312716,0.342683140563973,1.908651542492047,10.666666666666666,5,2020-12-13,2021-01-10,winter 2020-21
13245,202518,2021-01-31,0.04951051289713885,1.306094838259085,0.24689163432386257,0.34071045536693034,0.4233892182898694,2.0071328710324625,24.666666666666668,3,2020-12-27,2021-01-10,winter 2020-21
13313,104628,2021-01-10,0.03940939650646549,1.2378766950958082,0.13189585961692854,0.2657032534312039,0.29871517589570373,1.2747881945783275,13.333333333333334,5,2020-11-08,2020-12-06,winter 2020-21
15003,974563,2020-09-06,0.06150093705053937,1.3912177794020066,0.003899183531490524,0.01498107356835833,0.28400798838506225,29.512936413601025,15.666666666666666,4,2020-07-26,2020-08-16,summer 2020
15003,974563,2021-01-24,0.05918966864567625,1.3744507241400523,0.04535366107681083,0.055614670370206946,0.3054342930187771,29.431270402383678,28.333333333333332,4,2020-12-27,2021-01-17,winter 2020-21
16001,481587,2020-12-27,0.05283567994699905,1.3292425236336973,0.06312462753355054,0.13953865033732224,0.2951810103807463,3.3451340385545416,24.333333333333332,6,2020-10-04,2020-11-08,winter 2020-21
16055,165697,2020-12-06,0.04421708631473026,1.269955842322418,0.05793707791933469,0.10380393127214131,0.258192379068962,4.787987788851194,10.0,3,2020-10-25,2020-11-08,winter 2020-21
16083,86878,2020-11-22,0.046794773695526024,1.2874458986132031,0.09668730863970165,0.17726006583945303,0.2983684267173333,2.7043140562236863,12.0,5,2020-10-11,2020-11-08,winter 2020-21
17007,53544,2020-12-13,0.07225720797703429,1.4715677226147916,0.10832212759599581,0.19796802629613028,0.39406263218412796,3.646104245949416,10.0,3,2020-11-15,2020-11-29,winter 2020-21
17031,5150233,2020-05-10,0.10743409976973396,1.7626360857398005,0.0015533277814809543,0.08997651174228428,0.4335491708718431,6.112460137109874,508.6666666666667,3,2020-03-29,2020-04-12,spring 2020
17031,5150233,2020-12-20,0.03703073579909892,1.2222628489033827,0.2023209435378943,0.2999475946039723,0.3473751925146171,1.5373587948938965,387.6666666666667,7,2020-09-27,2020-11-08,winter 2020-21
17043,922921,2020-05-10,0.0904047409522341,1.6161240353232489,0.0015169229002265632,0.05374241132231252,0.38217422965307113,8.93539549621876,55.666666666666664,3,2020-03-29,2020-04-12,spring 2020
17089,532403,2020-05-31,0.04534909111711334,1.2776115301976074,0.008640071524766015,0.06686664049601523,0.22405214336011747,4.047484050284321,33.333333333333336,4,2020-04-12,2020-05-03,spring 2020
17089,532403,2020-12-13,0.0518528161739558,1.322364261272346,0.12584452003463542,0.20172688733910216,0.3389450202440636,3.0770733287555196,33.666666666666664,5,2020-10-11,2020-11-08,winter 2020-21
17091,109862,2020-12-13,0.06544933799101108,1.4202656838944567,0.1565600480602938,0.24212193479091948,0.406139314985812,3.2799515246048436,14.333333333333334,3,2020-11-08,2020-11-22,winter 2020-21
17097,696535,2020-05-31,0.11204399413670336,1.804194765050999,0.0008614068209063436,0.08355646162791532,0.44621356156587055,6.830577672685137,43.0,3,2020-03-29,2020-04-12,spring 2020
17097,696535,2020-12-13,0.045888249153463415,1.2812716644235511,0.14155785423560913,0.20616336580358488,0.33000770281561853,3.1677915258117846,41.0,6,2020-10-04,2020-11-08,winter 2020-21
17099,108669,2020-12-13,0.07627433071438264,1.502575726834261,0.11778888183382565,0.3276003276003276,0.41286744993220226,1.4993117004304584,22.0,3,2020-10-25,2020-11-08,winter 2020-21
17113,171517,2021-01-10,0.06746154348863244,1.4352674484137156,0.06296751925465113,0.17024551502183458,0.3471373702643541,2.971929287675508,20.0,3,2020-11-29,2020-12-13,winter 2020-21
17119,262966,2020-12-06,0.07588535526119132,1.4995490420188986,0.11712540784740233,0.2167580599773355,0.4112399345312836,3.3836584212284038,36.666666666666664,4,2020-10-25,2020-11-15,winter 2020-21
17143,179179,2020-12-06,0.05723694245973895,1.3604195319159509,0.06250732507715748,0.1640817283275384,0.3108797301649132,2.683974873222831,16.0,4,2020-10-04,2020-10-25,winter 2020-21
17143,179179,2021-05-16,0.07781932779583607,1.514649200456857,0.32258244548747345,0.3806249616305482,0.5527561402942676,4.634944042004894,11.333333333333334,4,2021-03-28,2021-04-18,winter 2020-21
17161,141879,2020-12-13,0.049893344227920654,1.3087421991916495,0.14519414430606362,0.2847496810662607,0.3468493212628804,1.5095590865351267,26.333333333333332,4,2020-11-01,2020-11-22,winter 2020-21
17163,259686,2020-05-17,0.0536396440883757,1.3348915145838196,0.002310482659827638,0.05237094028942646,0.2526062931404407,5.611028042092563,16.333333333333332,4,2020-04-05,2020-04-26,spring 2020
17167,194672,2020-12-13,0.0474202436298582,1.2917207038648495,0.06780636146954878,0.14691378318402235,0.2783318903681635,2.8865062503512204,23.0,4,2020-11-01,2020-11-22,winter 2020-21
17179,131803,2021-01-03,0.07005923235798042,1.4548342171197959,0.09711463320258265,0.3080354771894418,0.37938951656986575,1.409045589414417,23.666666666666668,3,2020-11-08,2020-11-22,winter 2020-21
17179,131803,2021-05-09,0.0616784016219473,1.392512383990902,0.4188068556861377,0.47950350143775183,0.5826298200320641,3.0019008289107414,10.0,5,2021-03-21,2021-04-18,winter 2020-21
17183,75758,2020-11-29,0.07030419902958816,1.4566910979788918,0.01847989651257953,0.1346392460202223,0.32619887301484485,2.986498735326463,11.333333333333334,4,2020-10-18,2020-11-08,winter 2020-21
17197,690743,2020-12-13,0.02574979940599315,1.1504828043734292,0.12102909475738444,0.19457309013627355,0.23599822448340135,1.6042887019591394,51.666666666666664,6,2020-10-18,2020-11-22,winter 2020-21
17201,282572,2020-12-13,0.0654053141833337,1.4199389727172738,0.11041433687697294,0.22719873165069432,0.3735042982722936,2.4913253717912514,25.666666666666668,4,2020-10-04,2020-10-25,winter 2020-21
18003,379299,2020-06-28,0.024021828904794672,1.1398124981625184,0.03849206035344148,0.06011088877112779,0.15643323687308486,5.75455028453418,16.666666666666668,4,2020-05-24,2020-06-14,spring 2020
18003,379299,2020-12-13,0.02698428126298732,1.158157943182539,0.11653075805630914,0.2161882841768631,0.23717723722899342,1.2267829645587411,43.0,7,2020-10-11,2020-11-22,winter 2020-21
18039,206341,2020-12-06,0.036474376712257055,1.2186352104988536,0.1114659713774771,0.2539485608773826,0.27087776475882586,1.1313272039549633,23.666666666666668,6,2020-09-27,2020-11-01,winter 2020-21
18053,65769,2020-12-27,0.07005923235798046,1.4548342171197959,0.15204731712508932,0.29497179522267325,0.4171482407434417,2.0309767170643784,13.333333333333334,3,2020-11-22,2020-12-06,winter 2020-21
18067,82544,2020-06-07,0.03357168780326689,1.1998575433347853,0.02422950184144214,0.09449505718162433,0.18676137548247462,2.4379958815137286,10.0,3,2020-05-03,2020-05-17,spring 2020
18067,82544,2020-12-27,0.044217086314730224,1.269955842322418,0.19868191509982552,0.28833107191316143,0.3690189389303705,2.014259353632982,11.666666666666666,3,2020-11-22,2020-12-06,winter 2020-21
18081,158167,2020-04-26,0.12176772087417334,1.8946073436839037,0.003793458812520943,0.0708112311670576,0.4741883881593958,9.17557297650484,18.666666666666668,3,2020-03-29,2020-04-12,spring 2020
18081,158167,2021-01-03,0.03853561383477577,1.2321213882145783,0.2136981797720131,0.3211795127934398,0.3618308814788226,1.4201368199652884,21.333333333333332,5,2020-11-15,2020-12-13,winter 2020-21
18095,129569,2020-04-19,0.11844486261453806,1.8632854301614286,0.0015435790968518703,0.061743163874074816,0.46414199094733144,10.007613462199954,13.0,3,2020-03-22,2020-04-05,spring 2020
18097,964582,2020-12-27,0.04983964519706709,1.3083705827016308,0.17624214426559898,0.23865259770553462,0.3703940866406227,3.4115146809214267,70.66666666666667,6,2020-11-01,2020-12-06,winter 2020-21
18105,148431,2020-12-13,0.061320206799774235,1.389900408480747,0.06198166151275677,0.09701477454170625,0.32511830864733726,8.649592356282652,10.666666666666666,4,2020-11-08,2020-11-29,winter 2020-21
18163,181451,2021-01-31,0.05087109825218854,1.3155243908863068,0.23256967445756707,0.29098764955828293,0.41663542625356187,3.4636720428261154,47.666666666666664,3,2021-01-10,2021-01-24,winter 2020-21
18167,107038,2020-12-06,0.03735596655284829,1.224387726156312,0.057923354322763874,0.21674545488518093,0.23057326894751518,1.096474603595502,17.333333333333332,6,2020-10-11,2020-11-15,winter 2020-21
19013,131228,2020-12-13,0.04019158166800074,1.2430481444700072,0.15697869357149388,0.2804279574481056,0.32181121851242434,1.3740849728530942,24.0,5,2020-11-01,2020-11-29,winter 2020-21
19061,97311,2021-01-31,0.057036264015554776,1.3589845282324302,0.2856819886754838,0.36172683458190746,0.47437369853386235,2.7250582361091924,11.666666666666666,3,2021-01-03,2021-01-17,winter 2020-21
19153,490161,2020-05-17,0.0707427645734198,1.4600205417653618,0.002040145992847248,0.03223430668698652,0.31647547040640633,12.3181320248304,22.666666666666668,3,2020-04-12,2020-04-26,spring 2020
19163,172943,2020-12-13,0.037586987999515306,1.225899008185188,0.03816286290858838,0.134148245375644,0.21540263050272923,1.9373317616804093,17.666666666666668,5,2020-10-18,2020-11-15,winter 2020-21
20177,176875,2021-01-10,0.041984761778722776,1.2549735259193562,0.10063604240282685,0.27363957597173144,0.2833602151580641,1.0630637024891774,22.666666666666668,3,2020-11-08,2020-11-22,winter 2020-21
21145,65418,2021-03-14,0.04573013723782642,1.280197377115377,0.1926075392093919,0.24763826469778957,0.369321891121292,3.499150857715215,13.666666666666666,4,2021-02-14,2021-03-07,winter 2020-21
21227,132896,2021-02-07,0.06355624771366464,1.4062744578405575,0.12641464001926317,0.1715627257404286,0.3787945481693564,6.425059105270034,10.666666666666666,4,2021-01-03,2021-01-24,winter 2020-21
22001,62045,2020-08-02,0.032193582262749175,1.1910293859646626,0.10315093883471672,0.23208961237811265,0.24699669736621221,1.1262989318056833,10.666666666666666,4,2020-06-21,2020-07-12,summer 2020
22001,62045,2021-01-03,0.049510512897139106,1.306094838259087,0.38036908695301797,0.49963735998065917,0.5255850533236184,1.2490787305192148,10.666666666666666,3,2020-11-29,2020-12-13,winter 2020-21
22015,127039,2020-08-02,0.05904846951317634,1.3734320173714365,0.045655271215925816,0.11492533788836498,0.3051387205822089,4.211019241066454,12.0,3,2020-06-28,2020-07-12,summer 2020
22019,203436,2020-08-02,0.07088791275740688,1.4611238892352523,0.053087949035568925,0.1248549912503195,0.35192897882188356,4.8112431504726985,22.0,4,2020-06-28,2020-07-19,summer 2020
22033,440059,2020-05-03,0.0773817726098088,1.5112215177329489,0.0031813915861282236,0.06953613038251688,0.34038882009220983,5.994263789333981,36.666666666666664,3,2020-03-29,2020-04-12,spring 2020
22033,440059,2020-08-09,0.04951051289713876,1.306094838259085,0.12452875637130476,0.15770612576949908,0.32970315938494554,6.912208331072422,25.666666666666668,3,2020-07-05,2020-07-19,summer 2020
22057,97614,2020-04-26,0.1249428467720901,1.9249558176906194,0.004097772860450345,0.07990657077878173,0.48263631924064665,8.271706626136906,13.0,3,2020-03-29,2020-04-12,spring 2020
22079,129648,2020-07-19,0.05522784915953443,1.346111204278061,0.020054300876218685,0.1311242749598914,0.2720172776146378,2.470715892974462,10.333333333333334,3,2020-05-10,2020-05-24,summer 2020
22079,129648,2021-01-24,0.04329541454073677,1.2637515997477649,0.32241145254843884,0.37486116253239543,0.46382774305741525,2.90548584556009,14.333333333333334,3,2020-12-27,2021-01-10,winter 2020-21
22097,82124,2020-08-16,0.06654878143581304,1.428445768908493,0.13881447567093663,0.23379280112999853,0.3971171023264578,3.0514729525136977,11.0,4,2020-07-05,2020-07-26,summer 2020
22097,82124,2020-12-06,0.05443857514620685,1.3405254432159546,0.33851249330281036,0.40183137694218496,0.5065461009749548,2.9126049094179787,11.333333333333334,3,2020-11-08,2020-11-22,winter 2020-21
23005,295003,2021-01-24,0.05682740910714991,1.357492429903048,0.048135103710809715,0.09491428900723042,0.2988064792691534,6.065056593286592,15.0,4,2020-12-06,2020-12-27,winter 2020-21
23019,152148,2021-01-24,0.07225720797703454,1.4715677226147936,0.02103215290375161,0.07361253516313064,0.3347449580120283,6.9979122730424175,12.0,3,2020-12-20,2021-01-03,winter 2020-21
23031,207641,2021-01-10,0.03418212783951718,1.2037858550622322,0.020227219094494826,0.07705607274093268,0.18609046884434965,3.10401039362256,12.333333333333334,8,2020-11-08,2020-12-27,winter 2020-21
24003,579234,2021-01-17,0.051852643098781494,1.3223630527429586,0.10289451240776612,0.14467382784850336,0.3215891159909672,5.859026613010069,25.0,3,2020-11-29,2020-12-13,winter 2020-21
24005,827370,2020-05-10,0.06787087739641702,1.4383356999773318,0.001450378911490627,0.046170395349118286,0.30576038604600675,7.93313346511555,56.333333333333336,3,2020-04-05,2020-04-19,spring 2020
24005,827370,2021-01-10,0.05425094009630489,1.3392004504937363,0.16534319590993146,0.24124635894460758,0.37674990791531815,3.0633740053877725,51.333333333333336,4,2020-11-08,2020-11-29,winter 2020-21
24021,259547,2021-01-10,0.034768889358767346,1.2075721405266664,0.10865084165873617,0.1610498291253607,0.2618667420130164,3.1131819774990266,14.666666666666666,6,2020-11-15,2020-12-20,winter 2020-21
24025,255441,2020-05-17,0.054753313989379604,1.3427504992997412,0.0,0.0266206286383157,0.25526000510034386,10.923095313053706,10.666666666666666,4,2020-04-12,2020-05-03,spring 2020
24025,255441,2020-12-27,0.0634768765738982,1.4056904321767578,0.06733453126162206,0.1174439498749222,0.336507208565036,6.166283701473365,17.333333333333332,4,2020-11-15,2020-12-06,winter 2020-21
24027,325690,2020-05-17,0.03195797756405115,1.1895256678277886,0.0018422426233534956,0.026405477601400103,0.16087749564967524,6.965471626510878,10.666666666666666,5,2020-04-05,2020-05-03,spring 2020
24031,1050688,2020-05-10,0.10031583897946073,1.7000710325994157,0.0024745690442833645,0.07271425960894194,0.4132448516398187,7.267871211866564,98.33333333333333,3,2020-04-05,2020-04-19,spring 2020
24031,1050688,2021-01-17,0.039472472383587524,1.238293041453402,0.16503472010720593,0.23337089602241576,0.3257126932468396,2.5031185924198684,45.666666666666664,6,2020-10-25,2020-11-29,winter 2020-21
24033,909327,2020-12-20,0.03386507456333323,1.2017441807049556,0.18981070615961035,0.22786082454386594,0.32582216178061774,3.8204184695428633,37.0,5,2020-11-01,2020-11-29,winter 2020-21
24043,151049,2020-12-27,0.052698277915913576,1.328279125206218,0.06355553495885441,0.18404623665168257,0.29499421674961523,2.061126852979616,20.333333333333332,5,2020-11-08,2020-12-06,winter 2020-21
24510,593490,2020-05-10,0.07847230633343658,1.519776797985972,0.0023589276988660295,0.05695125444405128,0.3435607954910084,7.437744690602745,41.333333333333336,3,2020-04-05,2020-04-19,spring 2020
24510,593490,2020-12-13,0.046800983448327636,1.2874882800076173,0.16916881497582098,0.21061854454160978,0.3546883510122023,4.937637332124717,33.0,5,2020-10-25,2020-11-22,winter 2020-21
25001,212990,2021-01-17,0.05413356512800076,1.338372171185031,0.18029015446734586,0.2817033663552279,0.38753221026191775,2.2068517817392665,24.333333333333332,5,2020-11-29,2020-12-27,winter 2020-21
25005,565217,2021-01-17,0.020680607460370225,1.1194198804706466,0.2551232535468678,0.43275414575287013,0.33458681639640186,0.41409633643526095,64.66666666666667,8,2020-10-11,2020-11-29,winter 2020-21
25009,789034,2021-01-03,0.027364257970160545,1.1605291559146824,0.3442183733527326,0.4367365664850944,0.43492877942354957,0.9789299087691439,70.33333333333333,6,2020-11-01,2020-12-06,winter 2020-21
25013,466372,2021-01-17,0.035558252390076116,1.2126818285791745,0.34221608501368006,0.4863070681773348,0.4575791444347729,0.7799137240724725,37.333333333333336,5,2020-10-18,2020-11-15,winter 2020-21
25015,160830,2020-05-03,0.08948306917824075,1.6085007088787433,0.003730647267300877,0.04476776720761052,0.3806223726023842,11.299731358618784,16.0,3,2020-04-05,2020-04-19,spring 2020
25015,160830,2020-12-27,0.07407513539865188,1.485531826399928,0.20021140334514706,0.23378722875085495,0.4616146336002245,9.228154787039797,10.666666666666666,4,2020-11-22,2020-12-13,winter 2020-21
25027,830622,2020-05-17,0.09604440462280894,1.6634463786475118,0.004334101432420524,0.137005761947071,0.4014439471279384,3.5585892282326963,122.33333333333333,3,2020-04-05,2020-04-19,spring 2020
25027,830622,2021-01-10,0.028617963055117955,1.1683822354765792,0.2932741969271221,0.39488479717609215,0.3951244878482709,1.0025523516111758,82.33333333333333,5,2020-11-15,2020-12-13,winter 2020-21
26017,103126,2020-12-13,0.06364092313499038,1.4068977417651225,0.15515001066656323,0.2734518937998177,0.3994943880758023,2.263023993622821,24.333333333333332,3,2020-11-15,2020-11-29,winter 2020-21
26045,110268,2020-12-13,0.04951051289713893,1.306094838259085,0.023578916820836505,0.1215221097689266,0.25241180458177825,2.526334749973089,14.0,3,2020-11-08,2020-11-22,winter 2020-21
26049,405813,2020-12-13,0.03438143450477705,1.2050708126119658,0.15425824209672928,0.24740459275577667,0.29818086285722656,1.5986311346045525,39.0,7,2020-10-11,2020-11-22,winter 2020-21
26049,405813,2021-05-02,0.04045487172807723,1.2447930438780122,0.3730782404703644,0.42926175356629775,0.49636466671075563,2.3321634349262355,24.333333333333332,5,2021-03-07,2021-04-04,winter 2020-21
26065,292406,2020-12-13,0.03641424970829882,1.2182437145552107,0.047878634501344025,0.10054513245282244,0.21844754532857813,3.4692027247620536,19.666666666666668,4,2020-11-01,2020-11-22,winter 2020-21
26065,292406,2021-01-17,0.03641424970829882,1.2182437145552107,0.047878634501344025,0.16073541582594064,0.21844754532857813,1.5646803731721808,19.666666666666668,4,2020-11-01,2020-11-22,winter 2020-21
26077,265066,2021-05-09,0.06612695303721998,1.4253025335515919,0.24522194472320102,0.278421223393419,0.4704436163485721,7.878321450751811,11.333333333333334,4,2021-03-21,2021-04-11,winter 2020-21
26087,87607,2020-12-13,0.0605212757419431,1.3840896344656888,0.10729736208293857,0.18491673039825585,0.35502541476536775,3.5733398499631375,11.0,3,2020-11-08,2020-11-22,winter 2020-21
26087,87607,2021-05-02,0.0588488314253462,1.37199279280039,0.30134578287123176,0.42462360313673564,0.4907741346784067,1.629123885710767,11.0,4,2021-03-07,2021-03-28,winter 2020-21
26099,873972,2020-12-13,0.028315299566248817,1.1664822383241766,0.23479013057626563,0.3256397230117212,0.34400212512187844,1.2184342785684579,82.66666666666667,9,2020-09-27,2020-11-22,winter 2020-21
26099,873972,2021-05-02,0.03149681841337258,1.1865870692548097,0.45768056642546906,0.51717904006078,0.5429585846446872,1.4721816280772515,68.66666666666667,5,2021-03-14,2021-04-11,winter 2020-21
26117,63888,2020-12-13,0.05337245727358719,1.3330118766845047,0.06574004507888806,0.12521913348359628,0.299136060779276,4.36964486643645,10.666666666666666,3,2020-11-22,2020-12-06,winter 2020-21
26121,173566,2020-11-29,0.07166443634741329,1.4670387582660638,0.09794545014576587,0.20165239735892973,0.3851188015506837,3.1379930812446823,29.666666666666668,3,2020-10-25,2020-11-08,winter 2020-21
26125,1257584,2021-01-03,0.056945489344580935,1.358335845056987,0.19752159696688254,0.26399826969808776,0.40921944602039806,3.541708673717555,70.33333333333333,4,2020-11-01,2020-11-22,winter 2020-21
26139,291830,2020-12-06,0.07747172635784245,1.5119256481709733,0.049343796045643006,0.12198882911283966,0.37122820483639696,5.200246757362827,30.0,4,2020-10-25,2020-11-15,winter 2020-21
26145,190539,2020-12-13,0.06653987171463885,1.4283793173610888,0.1710935818913713,0.33064097113976665,0.41968746814395075,1.6677393237304667,40.666666666666664,3,2020-11-08,2020-11-22,winter 2020-21
26147,159128,2021-01-03,0.05443857514620688,1.3405254432159566,0.08546578854758434,0.21492132120054297,0.31777929611061806,1.920067225009559,19.333333333333332,3,2020-11-08,2020-11-22,winter 2020-21
26147,159128,2021-04-18,0.09598105333579221,1.662908298297529,0.33180835553768034,0.43235634206425017,0.5981788982913799,3.1184965626552477,27.333333333333332,3,2021-03-21,2021-04-04,winter 2020-21
26157,52245,2021-01-17,0.08163755414186151,1.544843001738886,0.13781223083548663,0.4364053976457077,0.4418929508085748,1.023014685557618,10.0,4,2020-11-01,2020-11-22,winter 2020-21
26161,367601,2020-04-26,0.08688538030889247,1.5871797888759802,0.002720340804295962,0.028835612525537197,0.3716656007181365,17.409096005316183,19.666666666666668,3,2020-03-29,2020-04-12,spring 2020
26161,367601,2020-12-20,0.05154292162366693,1.320201876254655,0.07018479275083582,0.09793226895465464,0.2957022528349965,9.168943132138914,15.0,5,2020-11-08,2020-12-06,winter 2020-21
27003,356921,2020-12-20,0.06580254004530495,1.4228892056329527,0.08349186514662908,0.1636216417638637,0.3558822913090589,3.854957165541006,24.0,4,2020-10-18,2020-11-08,winter 2020-21
27037,429021,2020-05-31,0.05662729155731663,1.3560640659402188,0.002797065877894089,0.025639770547362484,0.26463434938768815,13.14390156677481,14.0,5,2020-04-19,2020-05-17,spring 2020
27037,429021,2021-01-17,0.0561831976165101,1.3528988751321942,0.06479869283787973,0.15756804445470035,0.30874263823248427,2.893201374583357,24.333333333333332,4,2020-11-01,2020-11-22,winter 2020-21
27053,1265843,2020-05-03,0.11325909026717038,1.815287331613283,0.001737972244583254,0.04376530106814194,0.4500804305904339,13.862133121711949,104.66666666666667,3,2020-04-05,2020-04-19,spring 2020
27053,1265843,2020-12-13,0.03939261882120841,1.2377659703880592,0.16163141874624262,0.1963908636379077,0.32267601363211207,5.0374056872434565,66.0,3,2020-11-08,2020-11-22,winter 2020-21
27123,550321,2020-06-07,0.04822394361093407,1.2972314259774187,0.0032708183042260788,0.05633075968389358,0.2316489087945327,4.757152840727368,31.0,4,2020-04-19,2020-05-10,spring 2020
27123,550321,2020-12-13,0.0417653294029676,1.253508983554739,0.11629576192803837,0.21442031105482073,0.2950156323842801,1.9196753137816844,42.0,7,2020-09-27,2020-11-08,winter 2020-21
27137,199070,2020-12-13,0.044740920683979536,1.2734936205986136,0.07535037926357563,0.15873813231526598,0.27392677451985425,2.5580274383945154,22.333333333333332,4,2020-11-01,2020-11-22,winter 2020-21
27145,161075,2020-11-29,0.046622504072079594,1.2862706381180966,0.03228309793574422,0.14403228309793575,0.24765685122060088,2.051612411400925,19.333333333333332,6,2020-10-04,2020-11-08,winter 2020-21
27163,262440,2020-12-13,0.06302779858560516,1.4023899446620471,0.05791800030483158,0.1150739216582838,0.32823106491811405,5.403220688353464,18.333333333333332,3,2020-11-01,2020-11-15,winter 2020-21
27171,138377,2020-12-20,0.058243967688876574,1.367640090334726,0.021679903452163293,0.10984484415762735,0.2846655319175416,3.31515178496338,11.0,4,2020-10-25,2020-11-15,winter 2020-21
28047,208080,2021-02-07,0.027683158331565715,1.1625224263902196,0.10668973471741637,0.23452518262206842,0.23157588619049196,0.9751000174698465,18.0,4,2020-11-29,2020-12-20,winter 2020-21
28049,231840,2020-07-26,0.06544933799101123,1.4202656838944567,0.025017253278122844,0.0707384403036577,0.31352087304650367,7.30475569463688,17.333333333333332,3,2020-06-21,2020-07-05,summer 2020
28049,231840,2021-01-10,0.036976299587433994,1.2219075008363167,0.1570048309178744,0.2562111801242236,0.31009903081440304,1.600691987648601,24.0,7,2020-11-08,2020-12-20,winter 2020-21
28087,58595,2021-01-10,0.04838179841359973,1.298316143701282,0.21844867309497396,0.33791279119378786,0.3980269515274192,1.5738038074800815,10.333333333333334,4,2020-11-29,2020-12-20,winter 2020-21
28121,155271,2021-01-10,0.0682508175019597,1.4411886360210304,0.11592634812682343,0.24086918999684423,0.386566317707021,2.398616304763279,18.0,3,2020-11-15,2020-11-29,winter 2020-21
29095,703011,2021-05-23,0.043295414540736835,1.2637515997477669,0.11948603933651109,0.13029668099076686,0.3032539299343072,18.948642909090744,13.333333333333334,3,2021-04-18,2021-05-02,winter 2020-21
29189,994205,2020-05-10,0.07304474154929927,1.477603200521539,0.0026151548221946177,0.05270542795499922,0.3249981829859562,7.5770834542237235,69.33333333333333,3,2020-04-05,2020-04-19,spring 2020
29189,994205,2020-12-13,0.031825821067044506,1.188682905353781,0.179238688198108,0.23194411615310723,0.30952038756070666,2.6042835884301647,101.66666666666667,4,2020-11-01,2020-11-22,winter 2020-21
29510,300576,2020-05-03,0.09198959202190281,1.6293048174915525,0.000665389119557117,0.046577238368998186,0.3866496924627033,10.379341681282764,19.333333333333332,3,2020-03-29,2020-04-12,spring 2020
31055,571327,2020-12-13,0.04212431267234721,1.2559056809733513,0.08226462253665588,0.14597594722461915,0.26926409254548367,3.1668912076891087,47.666666666666664,4,2020-11-01,2020-11-22,winter 2020-21
31109,319090,2020-12-13,0.024032803815736633,1.1398800010930736,0.02695164373687674,0.07396032467328967,0.14635895416181466,2.6440169928026735,20.333333333333332,6,2020-10-25,2020-11-29,winter 2020-21
32003,2266715,2020-08-16,0.04232630679486516,1.2572559842790154,0.035116898242611,0.08029240552958797,0.23254841192049702,4.774264382671615,113.0,5,2020-06-21,2020-07-19,summer 2020
32003,2266715,2021-01-24,0.03219206097315982,1.1910196713142045,0.1316442517034563,0.27052364324584255,0.2709140166103423,1.0030715054357953,222.0,8,2020-10-25,2020-12-13,winter 2020-21
32031,471519,2020-12-20,0.054234657525439614,1.3390855232120464,0.08483221248772584,0.1743301966622766,0.31657256265673495,2.8372353580803393,47.666666666666664,4,2020-11-01,2020-11-22,winter 2020-21
33011,417025,2020-06-07,0.030286063360422798,1.1789013908593828,0.003357112882920688,0.0839278220730172,0.1546002957969561,1.9524096634579002,31.0,6,2020-04-05,2020-05-10,spring 2020
33011,417025,2021-01-03,0.07713715397542585,1.5093081343007804,0.15970265571608416,0.21341646184281518,0.44325659871090417,6.231771249438631,31.0,3,2020-11-29,2020-12-13,winter 2020-21
33015,309769,2020-05-10,0.07297508910942725,1.4770685491179572,0.0019369271941349845,0.03421904709638472,0.324294682598268,11.863329450361842,15.0,3,2020-04-12,2020-04-26,spring 2020
33015,309769,2021-01-03,0.05189013003750768,1.3226248342491291,0.06843809419276944,0.09168122052238926,0.2956718476134693,11.066430632032766,11.0,4,2020-11-22,2020-12-13,winter 2020-21
34001,263670,2020-05-17,0.04941323370980223,1.3054228611251688,0.0060681912997307234,0.08495467819623012,0.23861314345025286,3.2230123064657548,31.666666666666668,4,2020-04-12,2020-05-03,spring 2020
34001,263670,2021-01-31,0.04914173730809512,1.3035490027634513,0.2063185041908446,0.36105738233397805,0.39113796709859405,1.2223612787825584,29.666666666666668,6,2020-11-08,2020-12-13,winter 2020-21
34005,445349,2020-05-10,0.09166759941910366,1.6266194840599624,0.004939945974954474,0.08891902754918053,0.388265009871009,5.517712038611906,48.333333333333336,3,2020-04-05,2020-04-19,spring 2020
34005,445349,2020-12-27,0.025051971844477144,1.1461634577090771,0.22768660084562894,0.27259520061794235,0.3261751681579068,2.2771891527878054,21.0,8,2020-10-18,2020-12-06,winter 2020-21
34007,506471,2021-01-10,0.03493423955990264,1.2086409564384242,0.2527291789658243,0.35224129318361763,0.38172637866235803,1.325990784716805,48.333333333333336,7,2020-11-08,2020-12-20,winter 2020-21
34011,149527,2021-01-10,0.04141306483520275,1.2511609415582619,0.23273388752532986,0.34107552482160414,0.3867566617616144,1.4719803637439597,19.333333333333332,6,2020-11-15,2020-12-20,winter 2020-21
34015,291636,2020-05-10,0.06882922024410701,1.4455410904452397,0.0020573591737645556,0.05554869769164301,0.3096407653698311,6.68855528871062,28.333333333333332,4,2020-04-05,2020-04-26,spring 2020
34023,825062,2021-01-10,0.042750197353796815,1.2600936675845273,0.35197354865452535,0.42760422853070434,0.48573152296870425,1.8628885123984975,60.0,7,2020-11-01,2020-12-13,winter 2020-21
34025,618795,2021-01-24,0.04219185562661843,1.2563570585296293,0.28862547370292263,0.39334513045515884,0.43377997403888446,1.4331683938242563,53.0,5,2020-11-22,2020-12-20,winter 2020-21
34029,607186,2021-01-10,0.04671299306945879,1.2868878592428161,0.3540924856633717,0.48420088737223854,0.4980856259560411,1.121312192014856,76.0,7,2020-11-01,2020-12-13,winter 2020-21
35001,679121,2021-01-03,0.03762359872926214,1.2261386522336915,0.056838177585437646,0.17198702440360408,0.23078697446134844,1.5657124433347591,56.666666666666664,5,2020-10-25,2020-11-22,winter 2020-21
35025,71070,2020-12-13,0.043312447430998005,1.263866021549997,0.08442380751371886,0.19136063036442943,0.2755749605773685,1.8854611472393545,10.0,4,2020-11-01,2020-11-22,winter 2020-21
35031,71367,2020-05-17,0.10078478383644733,1.7041335542425842,0.014012078411590792,0.21298359185618004,0.4214139384007145,2.3649893947935703,24.0,3,2020-04-19,2020-05-03,spring 2020
35031,71367,2021-01-17,0.06302779858560524,1.4023899446620471,0.742640155814312,1.062115543598582,0.8164848192435468,,18.0,3,2020-11-15,2020-11-29,winter 2020-21
35043,146748,2020-12-20,0.060756422748553404,1.3857977432162205,0.05996674571374056,0.15809414779077058,0.3216663406417528,2.9594981267059968,12.333333333333334,4,2020-10-18,2020-11-08,winter 2020-21
35049,150358,2021-01-17,0.03498975100384157,1.2089999609342303,0.025273015070697936,0.12636507535348968,0.1937741799626681,1.7333561034976237,10.666666666666666,4,2020-11-08,2020-11-29,winter 2020-21
36001,305506,2020-05-10,0.046391475891944416,1.2846959528048798,0.005237213017092954,0.0713570273578915,0.22568232210038564,3.6423706197310275,27.666666666666668,4,2020-04-05,2020-04-26,spring 2020
36001,305506,2021-01-17,0.06280307187923313,1.4007408079872112,0.12372915752882103,0.2003233979038055,0.3744232784005681,3.684369267670364,20.0,5,2020-11-15,2020-12-13,winter 2020-21
36013,126903,2021-01-24,0.07543233387495121,1.4960305709877386,0.02206409619945943,0.11662450848285699,0.3463128877407442,3.9610616947465616,20.333333333333332,3,2020-12-20,2021-01-03,winter 2020-21
36027,294218,2021-01-17,0.01766373161168392,1.1012754137702936,0.1352738445642347,0.21276740376183648,0.21479573172771138,1.0274776714244578,31.333333333333332,5,2020-11-29,2020-12-27,winter 2020-21
36029,918702,2020-05-17,0.11755753975749837,1.8549965781309132,0.0013061906907789467,0.09535192042686311,0.4616195948374736,6.247410792929436,78.0,3,2020-03-29,2020-04-12,spring 2020
36029,918702,2020-12-20,0.0779639157785175,1.5157833203778073,0.14977653254265255,0.23511432434021043,0.4390864076499864,3.9323171565269273,91.66666666666667,3,2020-11-08,2020-11-22,winter 2020-21
36037,57280,2021-01-10,0.058508296813719544,1.3695407944085358,0.034916201117318434,0.2828212290502793,0.29532307265117086,1.0592330993589316,19.333333333333332,4,2020-11-29,2020-12-20,winter 2020-21
36045,109834,2021-01-31,0.06052127574194301,1.3840896344656868,0.012746508367172279,0.08194183950325036,0.28671274818559955,4.4730989131488235,10.333333333333334,3,2020-12-27,2021-01-10,winter 2020-21
36055,741770,2021-01-03,0.07329548771922476,1.4795292945133323,0.07684322633700473,0.16366259083004167,0.3760469785313355,3.966144826307213,86.0,4,2020-11-22,2020-12-13,winter 2020-21
36063,209281,2021-01-10,0.05259284781166183,1.3275403033703437,0.09174268089315323,0.20450972615765406,0.3158344670960469,2.137208567236007,23.333333333333332,4,2020-11-15,2020-12-06,winter 2020-21
36065,228671,2020-06-07,0.07737881402985211,1.5111983636324793,0.0017492379882013897,0.05772485361064586,0.33943101975554324,7.1551388151703765,12.666666666666666,4,2020-04-12,2020-05-03,spring 2020
36065,228671,2021-01-17,0.042837362834342786,1.260677863865883,0.11632432621539242,0.29824507698833697,0.2990472037997035,1.004961624357385,37.666666666666664,7,2020-11-08,2020-12-20,winter 2020-21
36067,460528,2020-05-17,0.03677276431768534,1.2205796474011075,0.001737136504186499,0.04125699197442935,0.18214033338885927,4.934593713656579,23.333333333333332,4,2020-04-05,2020-04-26,spring 2020
36067,460528,2021-01-03,0.07297508910942725,1.4770685491179572,0.09337108710002433,0.1962964249730744,0.3861971311748692,3.2369346183820586,57.0,3,2020-11-22,2020-12-06,winter 2020-21
36071,384940,2021-01-03,0.07131150386558179,1.4643479006460833,0.2208136332935003,0.26913285187301916,0.4678953229879895,5.957804581881351,21.666666666666668,4,2020-11-15,2020-12-06,winter 2020-21
36075,117124,2021-01-17,0.050310776345732236,1.3116340545591978,0.013660735630613709,0.11099347699873638,0.2480072769223225,2.6110171862823326,11.0,5,2020-11-22,2020-12-20,winter 2020-21
36091,229863,2021-01-24,0.05653284786139689,1.3553904083309378,0.02088200362824813,0.08265793102848218,0.2776118302493651,4.665973104073784,22.333333333333332,4,2020-12-13,2021-01-03,winter 2020-21
36093,155299,2021-01-17,0.06202891821438063,1.395072427407425,0.07727029794139048,0.1571162724808273,0.33857935693461305,3.678667341695369,17.0,4,2020-12-06,2020-12-27,winter 2020-21
36103,1476601,2021-01-17,0.05856320285957994,1.369935888683747,0.28375979699322973,0.35527539260775254,0.4771724655706745,2.992270861289973,116.33333333333333,4,2020-11-29,2020-12-20,winter 2020-21
37019,142820,2021-02-07,0.028961793436297293,1.1705438682906821,0.10362694300518134,0.14983895812911358,0.2342251484314114,2.974982652121419,11.0,3,2021-01-03,2021-01-17,winter 2020-21
37023,90485,2021-02-14,0.09441113142730828,1.6496214241968734,0.16577333259656296,0.2762888876609383,0.49429205079002625,3.5221713857871193,10.0,3,2020-12-27,2021-01-10,winter 2020-21
37025,216453,2021-01-03,0.0454277690514286,1.278145086859803,0.09886672857387054,0.1395222057444341,0.29496793385164977,5.3158887652490225,13.333333333333334,3,2020-11-29,2020-12-13,winter 2020-21
37051,335509,2021-01-31,0.07132348786507998,1.4644392008684124,0.08345528733953485,0.12339460342345511,0.3741326289838771,8.562040608722457,26.666666666666668,3,2021-01-03,2021-01-17,winter 2020-21
37067,382295,2021-06-13,0.10335135592402248,1.726515268402859,0.19775304411514666,0.20978563674649156,0.5353374681551557,36.13662883826231,11.666666666666666,3,2021-05-16,2021-05-30,winter 2020-21
37071,224529,2020-08-02,0.06052127574194284,1.3840896344656868,0.0097982888624632,0.0329578807191944,0.28458266973454094,13.73422237883213,11.0,3,2020-07-05,2020-07-19,summer 2020
37081,537174,2021-02-07,0.018741658267540987,1.107729347809773,0.11467420239996724,0.1690327528882634,0.20077426913846907,1.614641440869018,42.333333333333336,5,2020-12-27,2021-01-24,winter 2020-21
37101,209339,2021-01-10,0.032149052313708064,1.1907450546383627,0.06592178237213324,0.11846813063977568,0.21555146167577188,3.015235718571019,12.333333333333334,7,2020-11-08,2020-12-20,winter 2020-21
37119,1110356,2021-01-17,0.023464576212288608,1.1363895124465597,0.08591839013793774,0.12446458613273581,0.19562649967253354,2.9675838910877954,52.0,3,2020-12-06,2020-12-20,winter 2020-21
37133,197938,2021-01-24,0.027025787887110936,1.1584167602695643,0.0373854439268862,0.1000313229395063,0.16902570034543285,2.185278574703785,10.333333333333334,6,2020-11-15,2020-12-20,winter 2020-21
37135,148476,2020-05-03,0.11956974525511946,1.8738388879573333,0.002694038093698645,0.024246342843287805,0.4677739007789181,28.744277681420726,10.0,3,2020-04-12,2020-04-26,spring 2020
37151,143667,2021-01-17,0.02782373831563027,1.1634020427212048,0.09605546158825617,0.21577676153883632,0.22301620143505008,1.0652772872159095,13.0,4,2020-11-08,2020-11-29,winter 2020-21
37183,1111761,2021-03-21,0.03956420653959526,1.2388987666404898,0.09408496970122175,0.10577813037154568,0.2687739670971345,16.48934461003073,42.666666666666664,4,2021-02-21,2021-03-14,winter 2020-21
38017,181923,2020-12-06,0.09902102579427743,1.6888968501134665,0.08684993101476998,0.14841443907587276,0.45932158679561685,7.508218097474599,11.333333333333334,3,2020-10-18,2020-11-01,winter 2020-21
38101,67641,2020-11-08,0.06337879964292266,1.404969052474212,0.05913573128723704,0.21880220576277704,0.3303309656138975,1.8283289743528714,20.0,3,2020-10-11,2020-10-25,winter 2020-21
39007,97241,2021-02-14,0.038499750052334615,1.2318856549586152,0.13985870157649552,0.27560391193015293,0.30176855703997896,1.2141828777598316,21.666666666666668,3,2021-01-17,2021-01-31,winter 2020-21
39085,230149,2021-02-07,0.02992900535762578,1.176642979915257,0.10949428413766732,0.15468240140083162,0.24318104041510724,3.123549998216036,46.666666666666664,4,2021-01-10,2021-01-31,winter 2020-21
39095,428348,2020-05-10,0.06686381136930979,1.430797060870558,0.003735280659650564,0.07657325352283656,0.30369949269103236,4.7184464644475215,48.333333333333336,3,2020-04-05,2020-04-19,spring 2020
39099,228683,2020-05-17,0.05808543552671856,1.3665012188706827,0.0017491461980120955,0.12768767245488297,0.26948411021032814,2.3154412574936716,28.666666666666668,4,2020-03-29,2020-04-19,spring 2020
39153,541013,2020-05-17,0.05456555411595803,1.3414227456931556,0.0033270919552764906,0.04066445723115711,0.25700312504414025,7.692965695318098,33.666666666666664,5,2020-04-05,2020-05-03,spring 2020
39155,197974,2020-12-27,0.06673637409834522,1.4298455081967196,0.14547364805479507,0.2535686504288442,0.4023645582361488,2.6438675139520442,32.666666666666664,3,2020-11-22,2020-12-06,winter 2020-21
40143,651552,2021-01-24,0.018718492722347886,1.1075903084284453,0.06937282058837974,0.1660650262757232,0.15977309269518358,0.9314829006815253,44.0,5,2020-11-08,2020-12-06,winter 2020-21
41039,382067,2020-12-13,0.04573013723782673,1.2801973771153787,0.015180583510222029,0.03559585098948614,0.23072845321021118,11.791871561878034,12.666666666666666,4,2020-11-08,2020-11-29,winter 2020-21
41051,812855,2020-12-13,0.032007543986764524,1.1898418846767127,0.035922766052986076,0.07529018090557356,0.18974340510045196,4.1692123927652585,43.0,8,2020-10-11,2020-11-29,winter 2020-21
42001,103009,2021-01-10,0.06701925989949577,1.4319585012109242,0.09902047393917038,0.21745672708209965,0.37080611952167364,2.5476098115062804,16.666666666666668,3,2020-12-06,2020-12-20,winter 2020-21
42003,1216045,2021-01-10,0.07307329496317312,1.477822423999345,0.07532615980494142,0.19407176543631197,0.3742997635042866,2.841615005643733,139.33333333333334,4,2020-11-15,2020-12-06,winter 2020-21
42007,163929,2020-04-26,0.11956974525511954,1.8738388879573333,0.0,0.05612185763348767,0.46633619014594296,10.872726724897591,18.333333333333332,3,2020-03-29,2020-04-12,spring 2020
42007,163929,2020-12-27,0.09092611970092053,1.6204501117109,0.1891062594171867,0.30257001506749875,0.49958734630425783,3.2023371892836088,23.333333333333332,3,2020-11-15,2020-11-29,winter 2020-21
42011,421164,2020-05-17,0.053243376599742834,1.3321046147123432,0.0014246231871669942,0.09877387431024494,0.2503776611955758,2.795656487146002,59.333333333333336,5,2020-04-05,2020-05-03,spring 2020
42011,421164,2021-01-17,0.03837149951988759,1.2310429772089913,0.21464322686649379,0.32623870986124165,0.36203951635055054,1.3562491426618737,58.0,6,2020-11-22,2020-12-27,winter 2020-21
42013,121829,2020-12-20,0.04467656362151372,1.273058524363074,0.044324421935663924,0.2331136264764547,0.24930742791854632,1.0969758746100298,27.333333333333332,6,2020-10-25,2020-11-29,winter 2020-21
42017,628270,2020-05-10,0.09001811715889485,1.6129224454982707,0.00541168605854171,0.10855205564486606,0.3833625933364664,4.366456244065548,90.33333333333333,3,2020-04-05,2020-04-19,spring 2020
42017,628270,2020-12-13,0.07034667166510364,1.4570132522091561,0.20246072548426633,0.24734588632275933,0.45262043889684134,6.497827474146635,52.666666666666664,3,2020-11-15,2020-11-29,winter 2020-21
42019,187853,2021-01-10,0.04730836032817828,1.2909551427039696,0.03406919240044077,0.26190691657838844,0.25177043287780765,0.9492982738145507,38.333333333333336,5,2020-11-08,2020-12-06,winter 2020-21
42021,130192,2020-12-13,0.07492105906467453,1.4920681372454723,0.019970505100159762,0.2212117488017697,0.34317376637431163,1.741024667608889,46.0,4,2020-11-08,2020-11-29,winter 2020-21
42025,64182,2020-12-13,0.07132348786508044,1.4644392008684166,0.09971643139821133,0.2305942476083637,0.3852366366128973,2.428347813541879,11.666666666666666,3,2020-11-08,2020-11-22,winter 2020-21
42027,162385,2020-12-13,0.08418964259583182,1.5653098340989433,0.02832773963112356,0.1293222896203467,0.3792460513555702,4.08289141071381,25.333333333333332,3,2020-11-08,2020-11-22,winter 2020-21
42029,524989,2020-05-03,0.1106295207584049,1.7913550701905148,0.0007619207259580677,0.044572362468546955,0.4421887118293244,13.00289603788558,47.333333333333336,3,2020-04-05,2020-04-19,spring 2020
42029,524989,2021-01-10,0.054816682079678505,1.3431988633119416,0.14819358119884415,0.21981412943890252,0.36583744814908015,3.3594865352109555,44.0,5,2020-11-22,2020-12-20,winter 2020-21
42037,64964,2021-01-10,0.07498729460704827,1.4925809636596805,0.1785604334708454,0.2801551628594298,0.4496515857236614,3.033621163663816,12.0,3,2020-12-13,2020-12-27,winter 2020-21
42039,84629,2020-12-13,0.07297508910942725,1.4770685491179572,0.011816280471233266,0.10634652424109939,0.3309831692517804,3.879237290049212,14.333333333333334,3,2020-11-15,2020-11-29,winter 2020-21
42039,84629,2021-01-10,0.07297508910942725,1.4770685491179572,0.011816280471233266,0.23868886551891197,0.3309831692517804,1.495474586301401,14.333333333333334,3,2020-11-15,2020-11-29,winter 2020-21
42043,278299,2021-01-10,0.04402640309011428,1.2686701261957944,0.14157434988986664,0.2551212904106734,0.32336575727199546,1.6772725747003394,31.333333333333332,6,2020-11-08,2020-12-13,winter 2020-21
42045,566747,2020-05-10,0.08544648273085916,1.5754740651877068,0.004940476085449063,0.13939200383945569,0.3684062810669012,3.131340783235612,111.66666666666667,3,2020-04-05,2020-04-19,spring 2020
42051,129274,2021-01-17,0.08776181549402229,1.5943461105995829,0.029394928601265528,0.2769311694540279,0.3912205982465622,1.5843734358419168,30.333333333333332,3,2020-11-29,2020-12-13,winter 2020-21
42055,155027,2020-12-13,0.07016110827826273,1.455606204784278,0.0709553819657221,0.2064156566275552,0.36174728097427755,2.3821684162574135,25.666666666666668,4,2020-11-01,2020-11-22,winter 2020-21
42063,84073,2020-12-13,0.06718833118718563,1.433222638777952,0.04757770033185446,0.18793191631082512,0.3354680048312414,2.25765708721199,18.666666666666668,4,2020-11-08,2020-11-29,winter 2020-21
42069,209674,2021-01-31,0.044466400953285086,1.271638570241311,0.2499117677919055,0.33957476845007006,0.4101403891313592,1.887613592721426,26.0,3,2020-12-27,2021-01-10,winter 2020-21
42071,545724,2020-12-20,0.026964956407569213,1.158037458721245,0.1715152714559008,0.24114753978201436,0.284578644408491,1.6713179244765655,49.666666666666664,7,2020-10-18,2020-11-29,winter 2020-21
42077,369318,2020-05-17,0.060656440310078504,1.3850712504886173,0.004332309825137145,0.07527388321175789,0.2811433420312369,4.4070537680534905,41.0,4,2020-04-05,2020-04-26,spring 2020
42077,369318,2021-01-17,0.05220751198016282,1.3248429733949194,0.20686779415029866,0.3281724692541387,0.4013387082264591,1.6946615987151055,46.333333333333336,4,2020-11-29,2020-12-20,winter 2020-21
42079,317417,2021-01-24,0.04320456757722714,1.2631414667883596,0.12349685114533877,0.36229943575800916,0.30609264923964374,0.7344319623945377,44.666666666666664,5,2020-10-25,2020-11-22,winter 2020-21
42085,109424,2020-12-20,0.05067358991836069,1.3141519597103624,0.05483257786226056,0.1900862699225033,0.28077767935904974,1.7689819259132646,23.333333333333332,4,2020-11-15,2020-12-06,winter 2020-21
42091,830915,2020-05-10,0.07630763851234168,1.502835142912901,0.005295367155485218,0.1263667162104427,0.338114604562342,3.1386753999161203,134.33333333333334,3,2020-04-05,2020-04-19,spring 2020
42091,830915,2021-01-10,0.05582378065625537,1.3503418252285118,0.21759145038902897,0.29509636966476716,0.42058482156651866,2.8793082210713115,62.666666666666664,4,2020-11-15,2020-12-06,winter 2020-21
42095,305285,2020-05-10,0.052668036113937854,1.3280671640168595,0.007206380922744321,0.1035098350721457,0.2524522509279866,2.7806466279221684,50.0,4,2020-04-05,2020-04-26,spring 2020
42095,305285,2021-01-17,0.04608347065480907,1.2825991541590436,0.20964017229801662,0.33476915013839526,0.38378266885713386,1.4440530771963604,35.333333333333336,6,2020-11-08,2020-12-13,winter 2020-21
42097,90843,2020-12-13,0.05974198370942278,1.3784417041140988,0.2487808636879011,0.37207049525004676,0.4550229189453502,1.7903417459390238,23.333333333333332,4,2020-11-08,2020-11-29,winter 2020-21
42101,1584064,2021-01-10,0.05207086028827317,1.3238875441115623,0.23913175225243422,0.33041594279019026,0.42527728194756065,2.195342935765815,113.0,5,2020-11-01,2020-11-29,winter 2020-21
42107,141359,2020-11-15,0.054403608661048534,1.340278441063005,0.08064573178927412,0.18958821157478478,0.31405725851893485,2.322045578369209,20.666666666666668,4,2020-10-04,2020-10-25,winter 2020-21
42107,141359,2020-11-29,0.054403608661048534,1.340278441063005,0.08064573178927412,0.2433520327676342,0.31405725851893485,1.5036824080790794,20.666666666666668,4,2020-10-04,2020-10-25,winter 2020-21
42111,73447,2021-01-10,0.039763357678769796,1.2402146427357896,0.027230519966778766,0.29953571963456643,0.2156442550239619,0.6555480991928112,24.333333333333332,4,2020-11-22,2020-12-13,winter 2020-21
42129,348899,2020-12-13,0.03350792166725796,1.1994478270769278,0.035540371282233536,0.166237220513673,0.1959136471419779,1.2488840403198562,50.333333333333336,7,2020-10-11,2020-11-22,winter 2020-21
42133,449058,2021-01-17,0.03501951213409435,1.2091924700965464,0.09219299066044921,0.24273033772920202,0.2492452344935061,1.0476545487510294,59.0,7,2020-11-01,2020-12-13,winter 2020-21
44003,164292,2021-01-03,0.025918090228593853,1.1515265533369594,0.1472987120492781,0.23616487716991696,0.2595035820236057,1.2819544993531649,16.333333333333332,7,2020-11-01,2020-12-13,winter 2020-21
44007,638931,2021-01-03,0.04363636302306956,1.2660436734676612,0.31552702874019256,0.42164177352484067,0.45936069536601887,1.4003491976408093,82.0,3,2020-11-22,2020-12-06,winter 2020-21
45003,170872,2021-02-14,0.04490061853016956,1.2745738322031392,0.11236481108666135,0.22590008895547545,0.3035827611657188,1.7727025835968988,10.0,3,2020-11-22,2020-12-06,winter 2020-21
45007,202558,2020-08-23,0.04836029181627174,1.2981683130313482,0.011848458219374204,0.09083817968186889,0.23881092161832496,3.132216764582586,19.0,4,2020-07-05,2020-07-26,summer 2020
45013,192122,2020-08-02,0.03467912969869276,1.2069922764873136,0.022902114281550263,0.05205025973079606,0.19046881678308758,6.211964709119648,10.0,3,2020-07-05,2020-07-19,summer 2020
45013,192122,2021-02-07,0.059745027409033445,1.3784637250153662,0.10097750387774435,0.16447882074931552,0.3478083755071364,4.381696822323452,11.666666666666666,4,2020-12-13,2021-01-03,winter 2020-21
45015,227907,2021-01-31,0.06337238755161848,1.404921900996981,0.09653060239483649,0.12461223218242527,0.35692553659813375,10.767335657062354,10.666666666666666,4,2020-12-27,2021-01-17,winter 2020-21
45019,411406,2020-07-26,0.07959718897401787,1.5286448602268663,0.0111811689669086,0.06562860045794178,0.35314025071438715,7.492993528195303,36.0,3,2020-06-28,2020-07-12,summer 2020
45019,411406,2021-02-07,0.035059071301731984,1.209448398164192,0.15556408997438054,0.2022333169666947,0.30180079505055424,3.3448632018153788,21.666666666666668,4,2020-12-27,2021-01-17,winter 2020-21
45035,162809,2021-02-14,0.0633787996429213,1.404969052474202,0.16338163123660238,0.21006209730420305,0.4045289700224485,5.922199960951337,10.333333333333334,3,2021-01-10,2021-01-24,winter 2020-21
45041,138293,2020-08-02,0.06413868522899675,1.410566471841602,0.08098746863543346,0.14172807011200855,0.34847981310322396,5.030674804104399,17.0,3,2020-07-05,2020-07-19,summer 2020
45041,138293,2021-01-17,0.05220625061020001,1.3248341515667827,0.3210574649476112,0.4526621014801906,0.487526393964517,1.3054582399174872,23.0,3,2020-12-06,2020-12-20,winter 2020-21
45051,354081,2020-08-02,0.06867222622533045,1.4443586088367424,0.02202885780372288,0.0734295260124096,0.32290281913858254,6.809871804629896,22.666666666666668,3,2020-06-21,2020-07-05,summer 2020
45051,354081,2021-01-31,0.03922296590583831,1.2366468174020717,0.15589653214942345,0.24570649088767824,0.3174255931666441,1.888140237627697,33.666666666666664,5,2020-12-06,2021-01-03,winter 2020-21
45059,67493,2021-02-07,0.04674284918843504,1.2870915619029282,0.2044656482894522,0.42078437763916254,0.3819131635558446,0.7953163578091723,12.666666666666666,4,2020-12-06,2020-12-27,winter 2020-21
45063,298750,2020-07-26,0.03271176759932662,1.1943423544038878,0.024769874476987447,0.058242677824267786,0.1834584766025794,5.084936071664336,14.333333333333334,6,2020-06-07,2020-07-12,summer 2020
45063,298750,2021-02-07,0.0283267550605358,1.1665541031279028,0.15799163179916317,0.26376569037656905,0.2782089009475476,1.1475896700759414,25.0,5,2020-12-06,2021-01-03,winter 2020-21
45075,86175,2020-08-16,0.04357795961776063,1.265650796576961,0.009283434870902234,0.178706121264868,0.2172275577050492,1.2561429507185435,12.333333333333334,5,2020-06-07,2020-07-05,summer 2020
45077,126884,2021-02-07,0.054438575146206925,1.3405254432159566,0.127675672267583,0.37514580246524387,0.3492668623732441,0.8783690992220415,18.666666666666668,3,2020-11-22,2020-12-06,winter 2020-21
45079,415759,2020-05-10,0.03574130316420572,1.2138693833714915,0.0009620958295551028,0.025976587397987777,0.17698072143837884,7.643262107951085,14.0,4,2020-03-29,2020-04-19,spring 2020
45079,415759,2020-08-16,0.034700732909894484,1.2071318154968669,0.03800278526742656,0.08081604968262864,0.20307194095732928,4.1350016110002406,15.0,4,2020-06-21,2020-07-12,summer 2020
45079,415759,2021-01-31,0.030092598250107676,1.1776772545413297,0.15104904524015114,0.20396431586568178,0.2791310594764862,2.541185077713879,24.666666666666668,4,2020-12-13,2021-01-03,winter 2020-21
45083,319785,2020-08-30,0.028961793436297543,1.170543868290684,0.036274371843582405,0.09318761042575481,0.1766855952492219,2.5869189680489715,19.333333333333332,3,2020-07-12,2020-07-26,summer 2020
45083,319785,2021-01-31,0.032374534983188104,1.1921853967375078,0.16636177431711932,0.35086073455602984,0.3007478300235974,0.7027244100585531,41.333333333333336,5,2020-11-22,2020-12-20,winter 2020-21
46099,193134,2020-12-06,0.03261959588402368,1.1937524884536401,0.08698623753456149,0.21125229115536362,0.23517331164005717,1.2105011368253267,23.333333333333332,6,2020-10-04,2020-11-08,winter 2020-21
46103,113775,2020-12-06,0.06327193788566136,1.4041834182466608,0.08437705998681608,0.15644913205888816,0.34793209482812426,4.140492411290705,16.333333333333332,4,2020-11-01,2020-11-22,winter 2020-21
47001,76978,2021-01-10,0.04541252195856306,1.2780416733970614,0.07534620281119281,0.2338330432071501,0.27650731862987066,1.3048074224603365,15.333333333333334,4,2020-11-29,2020-12-20,winter 2020-21
47011,108110,2021-01-31,0.04063117679181139,1.2459626377835402,0.044399223013597264,0.20534640643788735,0.23304218922139275,1.192342547885365,12.666666666666666,5,2020-11-08,2020-12-06,winter 2020-21
47037,694144,2021-01-31,0.023086678856599603,1.134073236354973,0.09248801401438318,0.2106191222570533,0.19977656037236824,0.9021779658645419,43.0,9,2020-10-11,2020-12-06,winter 2020-21
47063,64934,2021-01-24,0.0447409206839796,1.2734936205986154,0.20944343487233189,0.36652601102658083,0.37922220234125636,1.0913953304281439,16.0,4,2020-12-13,2021-01-03,winter 2020-21
47065,367804,2021-02-07,0.05006868626362524,1.3099562566899963,0.05981446640058292,0.22348859718763256,0.2822771533035139,1.4116146073750864,30.666666666666668,6,2020-10-25,2020-11-29,winter 2020-21
47093,470313,2021-01-31,0.02852994487877435,1.1678294210851579,0.03614614097420229,0.21007286636771683,0.17466211963543798,0.7796363111802804,41.666666666666664,10,2020-10-04,2020-12-06,winter 2020-21
47113,97984,2020-12-20,0.07847230633343642,1.519776797985972,0.16125081645983017,0.28780209013716523,0.44811028523945673,2.559146658375827,11.333333333333334,3,2020-10-25,2020-11-08,winter 2020-21
47119,96387,2020-12-06,0.05067358991836023,1.3141519597103606,0.0788488074117879,0.16184755205577517,0.2990527573453271,2.893237262005,11.666666666666666,4,2020-10-25,2020-11-15,winter 2020-21
47149,332285,2021-02-07,0.051581051245228424,1.3204677744062612,0.07583851212061934,0.20283792527498984,0.3001256783453703,1.8804591831800077,22.0,3,2020-11-08,2020-11-22,winter 2020-21
47165,191283,2020-12-20,0.030348799568947576,1.1792985829311944,0.140106543707491,0.1902939623489803,0.27084330572567206,2.7423917823129207,18.0,3,2020-11-22,2020-12-06,winter 2020-21
47179,129375,2021-01-03,0.07132348786508172,1.464439200868427,0.06183574879227053,0.25507246376811593,0.35936961353439,1.6539868298470803,14.0,3,2020-10-11,2020-10-25,winter 2020-21
47189,144657,2021-02-07,0.04951051289713893,1.306094838259085,0.09539807959518033,0.26407294496636874,0.30739951349124206,1.2940322750587747,13.666666666666666,3,2020-11-15,2020-11-29,winter 2020-21
48005,86715,2021-01-17,0.05660004196761647,1.3558696679432067,0.22372138615003173,0.44052355417171196,0.427468117177112,0.9295685887576433,18.666666666666668,5,2020-11-22,2020-12-20,winter 2020-21
48013,51153,2021-02-07,0.044906514660028034,1.2746137291703952,0.1524837252947041,0.461361014994233,0.335079910635423,0.535323601610424,10.666666666666666,6,2020-11-22,2020-12-27,winter 2020-21
48027,362924,2021-01-31,0.03599322720867263,1.215505382648387,0.08817273037881208,0.14603608468990753,0.24983691340431113,2.9767399978359887,29.0,3,2020-12-27,2021-01-10,winter 2020-21
48029,2003554,2020-08-09,0.0569130050178785,1.3581037736892336,0.012976939977659698,0.07806128509638373,0.2732344323430217,4.487151029052348,189.66666666666666,3,2020-07-05,2020-07-19,summer 2020
48029,2003554,2021-02-07,0.02532152388705063,1.1478302604188313,0.14264651713904392,0.252251748642662,0.2530659693985443,1.0079650446019282,176.0,9,2020-11-08,2021-01-03,winter 2020-21
48061,423163,2021-01-31,0.028388677633338858,1.1669426331664328,0.5539236653488135,0.622455176846747,0.6177392770021748,0.9255783018121337,47.0,4,2020-12-27,2021-01-17,winter 2020-21
48085,1034730,2021-01-24,0.01813609752021337,1.104099673138088,0.033825249098798714,0.10263547012264068,0.12492071648284664,1.3403736692236896,51.666666666666664,10,2020-10-25,2020-12-27,winter 2020-21
48091,156209,2021-01-17,0.04654709180499602,1.2857564478541441,0.16388300289996094,0.28167391123430785,0.34970810490939264,1.6552889282399739,25.333333333333332,6,2020-11-29,2021-01-03,winter 2020-21
48113,2635516,2021-01-31,0.021211999825992513,1.122642150111926,0.08871128082698038,0.21392395265291503,0.1882642932281089,0.7826799163512999,197.0,12,2020-10-11,2020-12-27,winter 2020-21
48121,887207,2021-02-07,0.04487051539650853,1.2743701518678408,0.04395817436066217,0.12488630049131713,0.24979267268770378,2.74118679465028,42.0,4,2020-11-15,2020-12-06,winter 2020-21
48135,166223,2020-12-20,0.06447162459153814,1.4130249428689878,0.15641638040463715,0.2406405852379033,0.40299453038489086,3.2869383113168364,22.333333333333332,4,2020-11-15,2020-12-06,winter 2020-21
48141,839238,2020-12-13,0.03990258216825734,1.241135266916612,0.12725829859944376,0.32743989190193956,0.296819835303904,0.829123134250013,146.33333333333334,6,2020-10-04,2020-11-08,winter 2020-21
48157,811688,2020-08-09,0.06867222622533002,1.4443586088367402,0.013798405298587635,0.03991681532805708,0.3172044749359849,13.697972492937813,34.666666666666664,3,2020-07-05,2020-07-19,summer 2020
48157,811688,2021-01-31,0.02434230284554006,1.1417850305347217,0.0800800307507318,0.11827204541646544,0.19431421445554375,3.1269606387764393,23.333333333333332,6,2020-11-22,2020-12-27,winter 2020-21
48167,342139,2021-01-24,0.026789016174143677,1.1569410184928695,0.10405127740479747,0.1566614738454254,0.22558824670047384,2.408991417225907,19.666666666666668,7,2020-11-22,2021-01-03,winter 2020-21
48183,123945,2021-01-17,0.049098266753145554,1.3032491840668095,0.17427084593973133,0.35015531082334905,0.366407311698007,1.1057351146671142,25.333333333333332,4,2020-11-29,2020-12-20,winter 2020-21
48201,4713325,2020-08-09,0.03192042522008718,1.189286144496796,0.01574260209088064,0.06683180132921027,0.1723964813147867,3.2522850888159343,394.6666666666667,4,2020-06-28,2020-07-19,summer 2020
48201,4713325,2021-02-07,0.021213749923852023,1.1226527754726292,0.12581351805784663,0.19120260113614063,0.22132069590784487,1.4881218915824128,246.66666666666666,7,2020-11-22,2021-01-03,winter 2020-21
48213,82737,2021-01-24,0.042702642911115786,1.2597750479983623,0.1643762766356044,0.27798929136903683,0.33668814548112724,1.5802355411528268,13.333333333333334,3,2020-12-20,2021-01-03,winter 2020-21
48245,251565,2020-08-02,0.08394834755374528,1.5633648727488296,0.025440740961580506,0.053266551388309186,0.3766271226723461,15.425450167781221,12.333333333333334,4,2020-06-28,2020-07-19,summer 2020
48303,310569,2020-12-06,0.05265143781709379,1.3279508408118184,0.08436128525384053,0.2588796692522435,0.31048749200203785,1.341334295522891,52.0,5,2020-10-04,2020-11-01,winter 2020-21
48309,256623,2020-08-02,0.0585985164569437,1.370190050580524,0.004676120223050934,0.037408961784407474,0.2735869893703805,9.418473142846981,13.333333333333334,4,2020-06-28,2020-07-19,summer 2020
48309,256623,2021-01-10,0.03558722005859456,1.2128696922427469,0.12625524602237523,0.24861372519220803,0.2796054188129955,1.279188810625444,25.333333333333332,4,2020-11-08,2020-11-29,winter 2020-21
48323,58722,2020-08-23,0.06708754358647945,1.4324689402211226,0.01702939273185518,0.22819386260685942,0.3137927255048135,1.4860686483115662,13.0,4,2020-07-05,2020-07-26,summer 2020
48323,58722,2021-02-21,0.04951051289713921,1.306094838259089,0.6300875310786417,0.9638636286230032,0.716779778860148,0.11480889425199134,16.0,3,2020-12-20,2021-01-03,winter 2020-21
48329,176832,2020-11-22,0.06253348123956416,1.3987646272977177,0.1074466159971046,0.1345910242490047,0.3618988022829652,10.866081632889847,14.0,3,2020-11-01,2020-11-15,winter 2020-21
48339,607391,2020-08-09,0.059048469513176036,1.3734320173714345,0.01218325592575458,0.02798856091051728,0.28076764515451236,19.67266523396817,16.666666666666668,3,2020-07-05,2020-07-19,summer 2020
48381,137713,2020-12-13,0.06413868522899709,1.410566471841606,0.0827808558378657,0.22510583605033654,0.3497512081336853,2.0400394176116037,19.0,3,2020-10-25,2020-11-08,winter 2020-21
48397,104915,2021-01-24,0.018740304604820773,1.1077212227288964,0.09340895010246389,0.1677548491636086,0.1815711107672664,1.1956483419474628,13.333333333333334,3,2020-12-20,2021-01-03,winter 2020-21
48423,232751,2020-08-30,0.0441847800215764,1.2697379330189846,0.006874299143720113,0.04983866879197081,0.21784986095911885,5.399843857637682,14.0,5,2020-07-12,2020-08-09,summer 2020
48439,2102515,2021-02-07,0.02275455398524141,1.1320408481340354,0.09379243429892295,0.22706140027538446,0.19949216744714082,0.7796757754677353,211.33333333333334,6,2020-11-22,2020-12-27,winter 2020-21
48451,119200,2020-12-13,0.03241773066779371,1.1924614926722499,0.12416107382550336,0.2533557046979866,0.2655201601422089,1.1029262863419156,18.0,6,2020-10-18,2020-11-22,winter 2020-21
48453,1273954,2020-07-26,0.060482108392300005,1.3838052974905635,0.016327120131496113,0.03783496107394772,0.2891536969454246,14.693588610468067,36.666666666666664,4,2020-06-14,2020-07-05,summer 2020
48453,1273954,2021-01-31,0.021674431323097633,1.125452697470641,0.07174513365474734,0.11413284938074686,0.17521645429308008,2.5286055577206694,52.333333333333336,10,2020-11-08,2021-01-10,winter 2020-21
48485,132230,2020-12-06,0.10743409976973353,1.762636085739798,0.03932541783256447,0.2193148302200711,0.45497848935492,2.7320937191429513,22.666666666666668,3,2020-10-18,2020-11-01,winter 2020-21
48491,590551,2020-07-19,0.08179516459307179,1.5461003235259756,0.010837336656783242,0.02438400747776229,0.3602209065661591,31.598572219706433,17.333333333333332,3,2020-06-21,2020-07-05,summer 2020
48491,590551,2021-01-31,0.03757807827834147,1.2258406935861106,0.07078135503961554,0.11379203489622403,0.24197438556063855,4.296613057909474,29.333333333333332,3,2020-12-20,2021-01-03,winter 2020-21
49035,1160437,2020-12-13,0.030348799568947624,1.1792985829311962,0.05153231067261729,0.0815210132045083,0.1957357508478248,5.133100787621151,35.666666666666664,3,2020-10-25,2020-11-08,winter 2020-21
49049,636235,2020-12-13,0.030352615761940645,1.179322747492524,0.02451924210393958,0.05563981862047828,0.17284665290300938,5.087172183710576,20.666666666666668,5,2020-10-25,2020-11-22,winter 2020-21
49057,260213,2020-12-20,0.0775503274600424,1.5125411429775872,0.025363836549288466,0.06456249303455246,0.3556299820499139,10.080199312005831,10.333333333333334,4,2020-11-01,2020-11-22,winter 2020-21
51041,352802,2021-02-28,0.11411453248479277,1.8231315288190721,0.12358206586130464,0.17120084353263304,0.5192788231212301,10.750081586477137,49.0,3,2021-02-07,2021-02-21,winter 2020-21
51069,89313,2021-03-07,0.102506037520666,1.7191161291705284,0.10524783626123857,0.19705977853168072,0.4795277942215117,5.0044129690435275,14.333333333333334,3,2021-02-07,2021-02-21,winter 2020-21
51107,413538,2020-05-10,0.05904846951317632,1.3734320173714365,0.0,0.01450894476444728,0.2718969797181042,21.711102420037776,12.333333333333334,3,2020-04-12,2020-04-26,spring 2020
51161,94186,2021-02-28,0.029054301636101048,1.171126042471585,0.16562971142207972,0.2357038201006519,0.28754868535154743,1.8007555226575225,14.666666666666666,6,2021-01-17,2021-02-21,winter 2020-21
51700,179225,2021-02-28,0.03700412665431941,1.2220891390114725,0.07811410238526992,0.1796624354861208,0.24564758151731214,1.7185285422928789,24.333333333333332,7,2021-01-03,2021-02-14,winter 2020-21
53011,488241,2020-11-15,0.031559482305645474,1.1869860116997661,0.03113216628673135,0.041782644226928914,0.1837580020628481,15.507869141206097,10.333333333333334,3,2020-10-18,2020-11-01,winter 2020-21
53011,488241,2021-01-31,0.07543233387495119,1.4960305709877386,0.05571019230257189,0.0774207819498977,0.36880313410041443,17.318035659018566,14.333333333333334,3,2020-12-20,2021-01-03,winter 2020-21
53033,2252782,2020-04-05,0.08674600744237362,1.5860427225010207,0.0015980241319399748,0.018643614872633038,0.37050751426563955,26.784793622507895,72.33333333333333,3,2020-03-08,2020-03-22,spring 2020
53061,822083,2021-01-03,0.04564856852069069,1.2796434615087549,0.06203753149012934,0.09658392157482883,0.26701265100516947,6.5708253982756375,25.666666666666668,3,2020-11-08,2020-11-22,winter 2020-21
53063,522798,2020-08-16,0.0749872946070486,1.4925809636596847,0.016449948163535438,0.041698705809892156,0.3410407369628503,15.400378752078154,21.0,3,2020-07-12,2020-07-26,summer 2020
53063,522798,2021-01-17,0.025746800578270657,1.1504642128095426,0.08377996855382001,0.16909016484378286,0.2036084032473432,1.4341347007489629,33.333333333333336,4,2020-11-08,2020-11-29,winter 2020-21
54039,178124,2020-09-13,0.07308565442505799,1.477917324393084,0.025824706384316543,0.05726347937391929,0.34084587984937886,11.907964128680995,12.0,4,2020-08-09,2020-08-30,summer 2020
54039,178124,2021-01-10,0.09642333692492953,1.666667983617876,0.11901821203206754,0.2548786238799937,0.47141134489452163,3.049895155508961,15.333333333333334,3,2020-11-01,2020-11-15,winter 2020-21
54107,83518,2021-01-17,0.011010762844804175,1.062148168408016,0.08860365430206661,0.1891807754017098,0.14193106686427248,0.5156248723320064,17.333333333333332,3,2020-12-20,2021-01-03,winter 2020-21
55009,264542,2020-11-29,0.09902102579427864,1.6888968501134785,0.04460539347249208,0.10811137739942996,0.43430849168596997,7.619238625316054,11.666666666666666,3,2020-09-20,2020-10-04,winter 2020-21
55059,169561,2020-12-13,0.0596300332716991,1.37763196122183,0.08138663961642122,0.21703103897712325,0.33319392534356196,2.005141888450147,19.666666666666668,4,2020-10-18,2020-11-08,winter 2020-21
55073,135692,2020-11-15,0.05384084302688402,1.3363084269595173,0.023582819915691416,0.15623618194145564,0.26931750156965184,1.9854556810213437,19.666666666666668,3,2020-10-04,2020-10-18,winter 2020-21
55079,945726,2020-12-20,0.04457697412140215,1.272385483872198,0.1161012809206895,0.19477100132596545,0.30532159453015906,2.584256429002065,60.666666666666664,5,2020-10-11,2020-11-08,winter 2020-21
55079,945726,2021-01-24,0.04457697412140215,1.272385483872198,0.1161012809206895,0.24023871607632655,0.30532159453015906,1.5917558863763108,49.666666666666664,5,2020-10-11,2020-11-08,winter 2020-21
55087,187885,2020-10-25,0.061785531249043055,1.393294392949756,0.030869947042073607,0.0659978178140884,0.30443267563420506,8.983494958646157,14.666666666666666,3,2020-09-27,2020-10-11,winter 2020-21
55101,196311,2020-06-07,0.01795103059149334,1.1029924281413377,0.013244290946508346,0.04788320572968402,0.105383061680412,2.743177606189311,10.666666666666666,3,2020-05-03,2020-05-17,spring 2020
55101,196311,2020-12-13,0.037721217456287766,1.226777833935458,0.10289795273825715,0.23126569575826111,0.26873308072100344,1.323568843281686,25.666666666666668,6,2020-10-18,2020-11-22,winter 2020-21
55105,163354,2020-11-29,0.04153441453676867,1.2519693811799748,0.04040305104252115,0.10284412992641748,0.2335300180799441,3.33985341467564,13.0,7,2020-10-04,2020-11-15,winter 2020-21
55127,103868,2020-12-13,0.03330900501962341,1.1981704966560769,0.073169792428852,0.14248854315092233,0.2264621686497882,2.325771407218633,12.666666666666666,6,2020-10-25,2020-11-29,winter 2020-21
55135,50990,2020-11-15,0.0883401876534963,1.5990903920382582,0.09413610511865071,0.37262208276132575,0.4335130150293114,1.277930528481896,19.0,3,2020-10-11,2020-10-25,winter 2020-21
